ISO-10303-21;
HEADER;
/* Generated by software containing ST-Developer
 * from STEP Tools, Inc. (www.steptools.com) 
 */

FILE_DESCRIPTION(
/* description */ (''),
/* implementation_level */ '2;1');

FILE_NAME(
/* name */ 'camera mount fit check 2.step',
/* time_stamp */ '2026-08-03T20:30:48-05:00',
/* author */ (''),
/* organization */ (''),
/* preprocessor_version */ 'ST-DEVELOPER v20.1',
/* originating_system */ 'Autodesk Translation Framework v15.8.0.0',
/* authorisation */ '');

FILE_SCHEMA (('AUTOMOTIVE_DESIGN { 1 0 10303 214 3 1 1 }'));
ENDSEC;

DATA;
#10=MECHANICAL_DESIGN_GEOMETRIC_PRESENTATION_REPRESENTATION('',(#13),#2995);
#11=SHAPE_REPRESENTATION_RELATIONSHIP('SRR','None',#3005,#12);
#12=ADVANCED_BREP_SHAPE_REPRESENTATION('',(#14),#2994);
#13=STYLED_ITEM('',(#3014),#14);
#14=MANIFOLD_SOLID_BREP('v0_920_mount v3 updated',#1749);
#15=TOROIDAL_SURFACE('',#1923,0.334645669291339,0.0590551181102362);
#16=TOROIDAL_SURFACE('',#1924,0.334645669291339,0.0590551181102362);
#17=(
BOUNDED_SURFACE()
B_SPLINE_SURFACE(2,2,((#2954,#2955,#2956),(#2957,#2958,#2959),(#2960,#2961,
#2962)),.UNSPECIFIED.,.F.,.F.,.F.)
B_SPLINE_SURFACE_WITH_KNOTS((3,3),(3,3),(-1.57079632679494,-6.14779621024957E-15),
(-1.57079632679496,4.79910099771622E-14),.UNSPECIFIED.)
GEOMETRIC_REPRESENTATION_ITEM()
RATIONAL_B_SPLINE_SURFACE(((1.,0.707106781186509,1.),(0.707106781186536,
0.499999999999965,0.707106781186536),(1.,0.707106781186509,1.)))
REPRESENTATION_ITEM('')
SURFACE()
);
#18=(
BOUNDED_SURFACE()
B_SPLINE_SURFACE(2,2,((#2963,#2964,#2965),(#2966,#2967,#2968),(#2969,#2970,
#2971)),.UNSPECIFIED.,.F.,.F.,.F.)
B_SPLINE_SURFACE_WITH_KNOTS((3,3),(3,3),(-1.57079632679491,2.14165644060754E-15),
(-3.14159265358977,-1.57079632679492),.UNSPECIFIED.)
GEOMETRIC_REPRESENTATION_ITEM()
RATIONAL_B_SPLINE_SURFACE(((1.,0.707106781186565,1.),(0.707106781186541,
0.500000000000007,0.707106781186541),(1.,0.707106781186565,1.)))
REPRESENTATION_ITEM('')
SURFACE()
);
#19=B_SPLINE_CURVE_WITH_KNOTS('',3,(#2523,#2524,#2525,#2526,#2527,#2528,
#2529,#2530),.UNSPECIFIED.,.F.,.F.,(4,2,2,4),(-0.383982183490584,-0.305130526310704,
-0.153988418517318,-0.0103487515402454),.UNSPECIFIED.);
#20=B_SPLINE_CURVE_WITH_KNOTS('',3,(#2537,#2538,#2539,#2540,#2541,#2542,
#2543,#2544),.UNSPECIFIED.,.F.,.F.,(4,2,2,4),(2.78349940604019,2.80762312607272,
2.91966451502822,2.98254080736231),.UNSPECIFIED.);
#21=B_SPLINE_CURVE_WITH_KNOTS('',3,(#2545,#2546,#2547,#2548),
 .UNSPECIFIED.,.F.,.F.,(4,4),(-2.02540556890587,-1.94856805537081),
 .UNSPECIFIED.);
#22=B_SPLINE_CURVE_WITH_KNOTS('',3,(#2783,#2784,#2785,#2786,#2787,#2788,
#2789,#2790),.UNSPECIFIED.,.F.,.F.,(4,2,2,4),(-4.24058685927492,-4.2164631387077,
-4.10442174964463,-4.0415454585634),.UNSPECIFIED.);
#23=B_SPLINE_CURVE_WITH_KNOTS('',3,(#2974,#2975,#2976,#2977,#2978,#2979,
#2980,#2981),.UNSPECIFIED.,.F.,.F.,(4,2,2,4),(-1.94863733110616,-1.76484563223351,
-1.57145431359427,-1.47056101301117),.UNSPECIFIED.);
#24=B_SPLINE_CURVE_WITH_KNOTS('',3,(#2982,#2983,#2984,#2985,#2986,#2987),
 .UNSPECIFIED.,.F.,.F.,(4,2,4),(2.27330903465943,2.31929417335575,2.34005725443787),
 .UNSPECIFIED.);
#25=ELLIPSE('',#1784,0.18122482518453,0.128331970466942);
#26=ELLIPSE('',#1789,0.278388496530098,0.19685039370074);
#27=ELLIPSE('',#1791,0.279940212567215,0.275590551181459);
#28=ELLIPSE('',#1846,0.181572941558955,0.128825233684209);
#29=ELLIPSE('',#1872,0.279940212565275,0.27559055117891);
#30=ELLIPSE('',#1898,0.27838849568453,0.196850393700536);
#31=CYLINDRICAL_SURFACE('',#1776,0.0984251968503937);
#32=CYLINDRICAL_SURFACE('',#1783,0.0590551181102362);
#33=CYLINDRICAL_SURFACE('',#1787,0.196850393700787);
#34=CYLINDRICAL_SURFACE('',#1788,0.196850393700787);
#35=CYLINDRICAL_SURFACE('',#1795,0.078740157480315);
#36=CYLINDRICAL_SURFACE('',#1804,0.139763779527559);
#37=CYLINDRICAL_SURFACE('',#1808,0.078740157480315);
#38=CYLINDRICAL_SURFACE('',#1811,0.139763779527559);
#39=CYLINDRICAL_SURFACE('',#1843,0.0590551181102362);
#40=CYLINDRICAL_SURFACE('',#1847,0.0590551181102363);
#41=CYLINDRICAL_SURFACE('',#1850,0.275590551181102);
#42=CYLINDRICAL_SURFACE('',#1853,0.118110236220473);
#43=CYLINDRICAL_SURFACE('',#1856,0.118110236220473);
#44=CYLINDRICAL_SURFACE('',#1859,0.275590551181102);
#45=CYLINDRICAL_SURFACE('',#1862,0.196850393700787);
#46=CYLINDRICAL_SURFACE('',#1864,0.196850393700787);
#47=CYLINDRICAL_SURFACE('',#1866,0.196850393700787);
#48=CYLINDRICAL_SURFACE('',#1868,0.196850393700787);
#49=CYLINDRICAL_SURFACE('',#1870,0.275590551181102);
#50=CYLINDRICAL_SURFACE('',#1873,0.275590551181102);
#51=CYLINDRICAL_SURFACE('',#1875,0.0984251968503937);
#52=CYLINDRICAL_SURFACE('',#1877,0.0590551181102362);
#53=CYLINDRICAL_SURFACE('',#1879,0.0590551181102363);
#54=CYLINDRICAL_SURFACE('',#1882,0.0393700787401575);
#55=CYLINDRICAL_SURFACE('',#1883,0.0393700787401575);
#56=CYLINDRICAL_SURFACE('',#1884,0.078740157480315);
#57=CYLINDRICAL_SURFACE('',#1886,0.139763779527559);
#58=CYLINDRICAL_SURFACE('',#1887,0.139763779527559);
#59=CYLINDRICAL_SURFACE('',#1888,0.0393700787401575);
#60=CYLINDRICAL_SURFACE('',#1889,0.0393700787401575);
#61=CYLINDRICAL_SURFACE('',#1890,0.078740157480315);
#62=CYLINDRICAL_SURFACE('',#1892,0.139763779527559);
#63=CYLINDRICAL_SURFACE('',#1900,0.0856889763779528);
#64=CYLINDRICAL_SURFACE('',#1906,0.0856889763779528);
#65=CYLINDRICAL_SURFACE('',#1925,0.196850393700787);
#66=CYLINDRICAL_SURFACE('',#1926,0.196850393700787);
#67=FACE_BOUND('',#244,.T.);
#68=FACE_BOUND('',#247,.T.);
#69=FACE_BOUND('',#248,.T.);
#70=FACE_BOUND('',#258,.T.);
#71=FACE_BOUND('',#265,.T.);
#72=FACE_BOUND('',#270,.T.);
#73=FACE_BOUND('',#275,.T.);
#74=FACE_BOUND('',#319,.T.);
#75=FACE_BOUND('',#324,.T.);
#76=FACE_BOUND('',#325,.T.);
#77=CIRCLE('',#1766,0.196850393700787);
#78=CIRCLE('',#1767,0.196850393700787);
#79=CIRCLE('',#1770,0.196850393700787);
#80=CIRCLE('',#1771,0.196850393700787);
#81=CIRCLE('',#1774,0.0984251968503937);
#82=CIRCLE('',#1775,0.0590551181102362);
#83=CIRCLE('',#1777,0.0984251968503937);
#84=CIRCLE('',#1779,0.0590551181102362);
#85=CIRCLE('',#1780,0.0590551181102363);
#86=CIRCLE('',#1781,0.0590551181102362);
#87=CIRCLE('',#1782,0.0984251968503937);
#88=CIRCLE('',#1785,0.0590551181102362);
#89=CIRCLE('',#1786,0.0590551181102362);
#90=CIRCLE('',#1796,0.078740157480315);
#91=CIRCLE('',#1797,0.078740157480315);
#92=CIRCLE('',#1799,0.139763779527559);
#93=CIRCLE('',#1800,0.139763779527559);
#94=CIRCLE('',#1801,0.0393700787401575);
#95=CIRCLE('',#1802,0.0393700787401575);
#96=CIRCLE('',#1803,0.0856889763779528);
#97=CIRCLE('',#1805,0.139763779527559);
#98=CIRCLE('',#1809,0.078740157480315);
#99=CIRCLE('',#1810,0.078740157480315);
#100=CIRCLE('',#1812,0.139763779527559);
#101=CIRCLE('',#1813,0.139763779527559);
#102=CIRCLE('',#1815,0.139763779527559);
#103=CIRCLE('',#1816,0.0856889763779528);
#104=CIRCLE('',#1817,0.0393700787401575);
#105=CIRCLE('',#1818,0.0393700787401575);
#106=CIRCLE('',#1820,0.196850393700787);
#107=CIRCLE('',#1821,0.196850393700787);
#108=CIRCLE('',#1822,0.078740157480315);
#109=CIRCLE('',#1826,0.078740157480315);
#110=CIRCLE('',#1827,0.139763779527559);
#111=CIRCLE('',#1828,0.0856889763779528);
#112=CIRCLE('',#1829,0.0393700787401575);
#113=CIRCLE('',#1830,0.0393700787401575);
#114=CIRCLE('',#1832,0.196850393700787);
#115=CIRCLE('',#1833,0.196850393700787);
#116=CIRCLE('',#1834,0.078740157480315);
#117=CIRCLE('',#1838,0.139763779527559);
#118=CIRCLE('',#1839,0.078740157480315);
#119=CIRCLE('',#1840,0.0393700787401575);
#120=CIRCLE('',#1841,0.0393700787401575);
#121=CIRCLE('',#1842,0.0856889763779528);
#122=CIRCLE('',#1844,0.0590551181102362);
#123=CIRCLE('',#1845,0.0590551181102362);
#124=CIRCLE('',#1848,0.0590551181102362);
#125=CIRCLE('',#1849,0.0590551181102362);
#126=CIRCLE('',#1851,0.275590551181102);
#127=CIRCLE('',#1852,0.275590551181102);
#128=CIRCLE('',#1854,0.118110236220473);
#129=CIRCLE('',#1855,0.118110236220472);
#130=CIRCLE('',#1857,0.118110236220473);
#131=CIRCLE('',#1858,0.118110236220472);
#132=CIRCLE('',#1860,0.275590551181102);
#133=CIRCLE('',#1861,0.275590551181102);
#134=CIRCLE('',#1863,0.196850393700787);
#135=CIRCLE('',#1865,0.196850393700787);
#136=CIRCLE('',#1867,0.196850393700787);
#137=CIRCLE('',#1869,0.196850393700787);
#138=CIRCLE('',#1871,0.275590551181102);
#139=CIRCLE('',#1874,0.275590551181102);
#140=CIRCLE('',#1876,0.0984251968503937);
#141=CIRCLE('',#1878,0.0590551181102362);
#142=CIRCLE('',#1880,0.0590551181102363);
#143=CIRCLE('',#1881,0.0590551181102363);
#144=CIRCLE('',#1885,0.078740157480315);
#145=CIRCLE('',#1891,0.078740157480315);
#146=FACE_OUTER_BOUND('',#237,.T.);
#147=FACE_OUTER_BOUND('',#238,.T.);
#148=FACE_OUTER_BOUND('',#239,.T.);
#149=FACE_OUTER_BOUND('',#240,.T.);
#150=FACE_OUTER_BOUND('',#241,.T.);
#151=FACE_OUTER_BOUND('',#242,.T.);
#152=FACE_OUTER_BOUND('',#243,.T.);
#153=FACE_OUTER_BOUND('',#245,.T.);
#154=FACE_OUTER_BOUND('',#246,.T.);
#155=FACE_OUTER_BOUND('',#249,.T.);
#156=FACE_OUTER_BOUND('',#250,.T.);
#157=FACE_OUTER_BOUND('',#251,.T.);
#158=FACE_OUTER_BOUND('',#252,.T.);
#159=FACE_OUTER_BOUND('',#253,.T.);
#160=FACE_OUTER_BOUND('',#254,.T.);
#161=FACE_OUTER_BOUND('',#255,.T.);
#162=FACE_OUTER_BOUND('',#256,.T.);
#163=FACE_OUTER_BOUND('',#257,.T.);
#164=FACE_OUTER_BOUND('',#259,.T.);
#165=FACE_OUTER_BOUND('',#260,.T.);
#166=FACE_OUTER_BOUND('',#261,.T.);
#167=FACE_OUTER_BOUND('',#262,.T.);
#168=FACE_OUTER_BOUND('',#263,.T.);
#169=FACE_OUTER_BOUND('',#264,.T.);
#170=FACE_OUTER_BOUND('',#266,.T.);
#171=FACE_OUTER_BOUND('',#267,.T.);
#172=FACE_OUTER_BOUND('',#268,.T.);
#173=FACE_OUTER_BOUND('',#269,.T.);
#174=FACE_OUTER_BOUND('',#271,.T.);
#175=FACE_OUTER_BOUND('',#272,.T.);
#176=FACE_OUTER_BOUND('',#273,.T.);
#177=FACE_OUTER_BOUND('',#274,.T.);
#178=FACE_OUTER_BOUND('',#276,.T.);
#179=FACE_OUTER_BOUND('',#277,.T.);
#180=FACE_OUTER_BOUND('',#278,.T.);
#181=FACE_OUTER_BOUND('',#279,.T.);
#182=FACE_OUTER_BOUND('',#280,.T.);
#183=FACE_OUTER_BOUND('',#281,.T.);
#184=FACE_OUTER_BOUND('',#282,.T.);
#185=FACE_OUTER_BOUND('',#283,.T.);
#186=FACE_OUTER_BOUND('',#284,.T.);
#187=FACE_OUTER_BOUND('',#285,.T.);
#188=FACE_OUTER_BOUND('',#286,.T.);
#189=FACE_OUTER_BOUND('',#287,.T.);
#190=FACE_OUTER_BOUND('',#288,.T.);
#191=FACE_OUTER_BOUND('',#289,.T.);
#192=FACE_OUTER_BOUND('',#290,.T.);
#193=FACE_OUTER_BOUND('',#291,.T.);
#194=FACE_OUTER_BOUND('',#292,.T.);
#195=FACE_OUTER_BOUND('',#293,.T.);
#196=FACE_OUTER_BOUND('',#294,.T.);
#197=FACE_OUTER_BOUND('',#295,.T.);
#198=FACE_OUTER_BOUND('',#296,.T.);
#199=FACE_OUTER_BOUND('',#297,.T.);
#200=FACE_OUTER_BOUND('',#298,.T.);
#201=FACE_OUTER_BOUND('',#299,.T.);
#202=FACE_OUTER_BOUND('',#300,.T.);
#203=FACE_OUTER_BOUND('',#301,.T.);
#204=FACE_OUTER_BOUND('',#302,.T.);
#205=FACE_OUTER_BOUND('',#303,.T.);
#206=FACE_OUTER_BOUND('',#304,.T.);
#207=FACE_OUTER_BOUND('',#305,.T.);
#208=FACE_OUTER_BOUND('',#306,.T.);
#209=FACE_OUTER_BOUND('',#307,.T.);
#210=FACE_OUTER_BOUND('',#308,.T.);
#211=FACE_OUTER_BOUND('',#309,.T.);
#212=FACE_OUTER_BOUND('',#310,.T.);
#213=FACE_OUTER_BOUND('',#311,.T.);
#214=FACE_OUTER_BOUND('',#312,.T.);
#215=FACE_OUTER_BOUND('',#313,.T.);
#216=FACE_OUTER_BOUND('',#314,.T.);
#217=FACE_OUTER_BOUND('',#315,.T.);
#218=FACE_OUTER_BOUND('',#316,.T.);
#219=FACE_OUTER_BOUND('',#317,.T.);
#220=FACE_OUTER_BOUND('',#318,.T.);
#221=FACE_OUTER_BOUND('',#320,.T.);
#222=FACE_OUTER_BOUND('',#321,.T.);
#223=FACE_OUTER_BOUND('',#322,.T.);
#224=FACE_OUTER_BOUND('',#323,.T.);
#225=FACE_OUTER_BOUND('',#326,.T.);
#226=FACE_OUTER_BOUND('',#327,.T.);
#227=FACE_OUTER_BOUND('',#328,.T.);
#228=FACE_OUTER_BOUND('',#329,.T.);
#229=FACE_OUTER_BOUND('',#330,.T.);
#230=FACE_OUTER_BOUND('',#331,.T.);
#231=FACE_OUTER_BOUND('',#332,.T.);
#232=FACE_OUTER_BOUND('',#333,.T.);
#233=FACE_OUTER_BOUND('',#334,.T.);
#234=FACE_OUTER_BOUND('',#335,.T.);
#235=FACE_OUTER_BOUND('',#336,.T.);
#236=FACE_OUTER_BOUND('',#337,.T.);
#237=EDGE_LOOP('',(#1101,#1102,#1103,#1104));
#238=EDGE_LOOP('',(#1105,#1106,#1107,#1108));
#239=EDGE_LOOP('',(#1109,#1110,#1111,#1112,#1113,#1114,#1115,#1116,#1117));
#240=EDGE_LOOP('',(#1118,#1119,#1120,#1121));
#241=EDGE_LOOP('',(#1122,#1123,#1124,#1125,#1126,#1127,#1128,#1129,#1130));
#242=EDGE_LOOP('',(#1131,#1132,#1133,#1134));
#243=EDGE_LOOP('',(#1135,#1136));
#244=EDGE_LOOP('',(#1137));
#245=EDGE_LOOP('',(#1138,#1139,#1140,#1141));
#246=EDGE_LOOP('',(#1142,#1143,#1144,#1145,#1146,#1147,#1148,#1149,#1150,
#1151));
#247=EDGE_LOOP('',(#1152,#1153));
#248=EDGE_LOOP('',(#1154,#1155));
#249=EDGE_LOOP('',(#1156,#1157,#1158,#1159,#1160,#1161,#1162));
#250=EDGE_LOOP('',(#1163,#1164,#1165,#1166));
#251=EDGE_LOOP('',(#1167,#1168,#1169,#1170,#1171,#1172));
#252=EDGE_LOOP('',(#1173,#1174,#1175,#1176,#1177,#1178,#1179));
#253=EDGE_LOOP('',(#1180,#1181,#1182,#1183));
#254=EDGE_LOOP('',(#1184,#1185,#1186,#1187));
#255=EDGE_LOOP('',(#1188,#1189,#1190,#1191));
#256=EDGE_LOOP('',(#1192,#1193,#1194,#1195));
#257=EDGE_LOOP('',(#1196,#1197,#1198,#1199,#1200,#1201,#1202));
#258=EDGE_LOOP('',(#1203,#1204,#1205,#1206,#1207,#1208));
#259=EDGE_LOOP('',(#1209,#1210,#1211,#1212));
#260=EDGE_LOOP('',(#1213,#1214,#1215,#1216));
#261=EDGE_LOOP('',(#1217,#1218,#1219,#1220));
#262=EDGE_LOOP('',(#1221,#1222,#1223,#1224));
#263=EDGE_LOOP('',(#1225,#1226,#1227,#1228));
#264=EDGE_LOOP('',(#1229,#1230,#1231,#1232,#1233,#1234,#1235));
#265=EDGE_LOOP('',(#1236,#1237,#1238,#1239,#1240,#1241));
#266=EDGE_LOOP('',(#1242,#1243,#1244,#1245,#1246,#1247,#1248,#1249,#1250,
#1251,#1252));
#267=EDGE_LOOP('',(#1253,#1254,#1255,#1256));
#268=EDGE_LOOP('',(#1257,#1258,#1259,#1260));
#269=EDGE_LOOP('',(#1261,#1262,#1263,#1264,#1265,#1266));
#270=EDGE_LOOP('',(#1267,#1268,#1269,#1270,#1271,#1272));
#271=EDGE_LOOP('',(#1273,#1274,#1275,#1276,#1277,#1278,#1279,#1280,#1281,
#1282,#1283));
#272=EDGE_LOOP('',(#1284,#1285,#1286,#1287));
#273=EDGE_LOOP('',(#1288,#1289,#1290,#1291));
#274=EDGE_LOOP('',(#1292,#1293,#1294,#1295,#1296,#1297));
#275=EDGE_LOOP('',(#1298,#1299,#1300,#1301,#1302,#1303));
#276=EDGE_LOOP('',(#1304,#1305,#1306,#1307,#1308,#1309,#1310));
#277=EDGE_LOOP('',(#1311,#1312,#1313,#1314));
#278=EDGE_LOOP('',(#1315,#1316,#1317,#1318,#1319));
#279=EDGE_LOOP('',(#1320,#1321,#1322,#1323));
#280=EDGE_LOOP('',(#1324,#1325,#1326,#1327));
#281=EDGE_LOOP('',(#1328,#1329,#1330,#1331,#1332));
#282=EDGE_LOOP('',(#1333,#1334,#1335,#1336));
#283=EDGE_LOOP('',(#1337,#1338,#1339,#1340));
#284=EDGE_LOOP('',(#1341,#1342,#1343,#1344));
#285=EDGE_LOOP('',(#1345,#1346,#1347,#1348));
#286=EDGE_LOOP('',(#1349,#1350,#1351,#1352));
#287=EDGE_LOOP('',(#1353,#1354,#1355,#1356));
#288=EDGE_LOOP('',(#1357,#1358,#1359,#1360));
#289=EDGE_LOOP('',(#1361,#1362,#1363,#1364));
#290=EDGE_LOOP('',(#1365,#1366,#1367,#1368));
#291=EDGE_LOOP('',(#1369,#1370,#1371,#1372));
#292=EDGE_LOOP('',(#1373,#1374,#1375,#1376));
#293=EDGE_LOOP('',(#1377,#1378,#1379,#1380,#1381,#1382));
#294=EDGE_LOOP('',(#1383,#1384,#1385,#1386,#1387,#1388));
#295=EDGE_LOOP('',(#1389,#1390,#1391,#1392));
#296=EDGE_LOOP('',(#1393,#1394,#1395,#1396));
#297=EDGE_LOOP('',(#1397,#1398,#1399,#1400));
#298=EDGE_LOOP('',(#1401,#1402,#1403,#1404,#1405,#1406,#1407,#1408));
#299=EDGE_LOOP('',(#1409,#1410,#1411,#1412));
#300=EDGE_LOOP('',(#1413,#1414,#1415,#1416,#1417,#1418,#1419,#1420));
#301=EDGE_LOOP('',(#1421,#1422,#1423,#1424,#1425,#1426,#1427,#1428));
#302=EDGE_LOOP('',(#1429,#1430,#1431,#1432,#1433,#1434,#1435,#1436,#1437,
#1438,#1439));
#303=EDGE_LOOP('',(#1440,#1441,#1442,#1443,#1444,#1445,#1446,#1447));
#304=EDGE_LOOP('',(#1448,#1449,#1450,#1451,#1452));
#305=EDGE_LOOP('',(#1453,#1454,#1455,#1456));
#306=EDGE_LOOP('',(#1457,#1458,#1459,#1460));
#307=EDGE_LOOP('',(#1461,#1462,#1463,#1464));
#308=EDGE_LOOP('',(#1465,#1466,#1467,#1468));
#309=EDGE_LOOP('',(#1469,#1470,#1471,#1472));
#310=EDGE_LOOP('',(#1473,#1474,#1475,#1476));
#311=EDGE_LOOP('',(#1477,#1478,#1479,#1480,#1481,#1482,#1483,#1484));
#312=EDGE_LOOP('',(#1485,#1486,#1487,#1488));
#313=EDGE_LOOP('',(#1489,#1490,#1491,#1492));
#314=EDGE_LOOP('',(#1493,#1494,#1495,#1496));
#315=EDGE_LOOP('',(#1497,#1498,#1499,#1500));
#316=EDGE_LOOP('',(#1501,#1502,#1503,#1504));
#317=EDGE_LOOP('',(#1505,#1506,#1507,#1508));
#318=EDGE_LOOP('',(#1509,#1510));
#319=EDGE_LOOP('',(#1511));
#320=EDGE_LOOP('',(#1512,#1513,#1514,#1515,#1516,#1517,#1518));
#321=EDGE_LOOP('',(#1519,#1520,#1521,#1522,#1523));
#322=EDGE_LOOP('',(#1524,#1525,#1526,#1527,#1528));
#323=EDGE_LOOP('',(#1529,#1530,#1531,#1532,#1533,#1534,#1535,#1536,#1537,
#1538,#1539,#1540,#1541,#1542,#1543,#1544,#1545,#1546,#1547));
#324=EDGE_LOOP('',(#1548));
#325=EDGE_LOOP('',(#1549));
#326=EDGE_LOOP('',(#1550,#1551,#1552,#1553));
#327=EDGE_LOOP('',(#1554,#1555,#1556,#1557,#1558,#1559,#1560,#1561,#1562,
#1563,#1564));
#328=EDGE_LOOP('',(#1565,#1566,#1567,#1568));
#329=EDGE_LOOP('',(#1569,#1570,#1571,#1572));
#330=EDGE_LOOP('',(#1573,#1574,#1575,#1576));
#331=EDGE_LOOP('',(#1577,#1578,#1579,#1580));
#332=EDGE_LOOP('',(#1581,#1582,#1583,#1584));
#333=EDGE_LOOP('',(#1585,#1586,#1587,#1588));
#334=EDGE_LOOP('',(#1589,#1590,#1591,#1592));
#335=EDGE_LOOP('',(#1593,#1594,#1595,#1596));
#336=EDGE_LOOP('',(#1597,#1598,#1599,#1600));
#337=EDGE_LOOP('',(#1601,#1602,#1603,#1604,#1605,#1606));
#338=LINE('',#2433,#510);
#339=LINE('',#2435,#511);
#340=LINE('',#2437,#512);
#341=LINE('',#2438,#513);
#342=LINE('',#2442,#514);
#343=LINE('',#2444,#515);
#344=LINE('',#2446,#516);
#345=LINE('',#2447,#517);
#346=LINE('',#2451,#518);
#347=LINE('',#2457,#519);
#348=LINE('',#2459,#520);
#349=LINE('',#2461,#521);
#350=LINE('',#2463,#522);
#351=LINE('',#2465,#523);
#352=LINE('',#2466,#524);
#353=LINE('',#2469,#525);
#354=LINE('',#2471,#526);
#355=LINE('',#2472,#527);
#356=LINE('',#2476,#528);
#357=LINE('',#2477,#529);
#358=LINE('',#2479,#530);
#359=LINE('',#2481,#531);
#360=LINE('',#2483,#532);
#361=LINE('',#2488,#533);
#362=LINE('',#2490,#534);
#363=LINE('',#2499,#535);
#364=LINE('',#2503,#536);
#365=LINE('',#2507,#537);
#366=LINE('',#2510,#538);
#367=LINE('',#2518,#539);
#368=LINE('',#2522,#540);
#369=LINE('',#2533,#541);
#370=LINE('',#2551,#542);
#371=LINE('',#2553,#543);
#372=LINE('',#2555,#544);
#373=LINE('',#2558,#545);
#374=LINE('',#2561,#546);
#375=LINE('',#2562,#547);
#376=LINE('',#2566,#548);
#377=LINE('',#2568,#549);
#378=LINE('',#2570,#550);
#379=LINE('',#2571,#551);
#380=LINE('',#2575,#552);
#381=LINE('',#2576,#553);
#382=LINE('',#2577,#554);
#383=LINE('',#2583,#555);
#384=LINE('',#2586,#556);
#385=LINE('',#2591,#557);
#386=LINE('',#2594,#558);
#387=LINE('',#2598,#559);
#388=LINE('',#2602,#560);
#389=LINE('',#2608,#561);
#390=LINE('',#2609,#562);
#391=LINE('',#2613,#563);
#392=LINE('',#2615,#564);
#393=LINE('',#2617,#565);
#394=LINE('',#2618,#566);
#395=LINE('',#2622,#567);
#396=LINE('',#2623,#568);
#397=LINE('',#2624,#569);
#398=LINE('',#2629,#570);
#399=LINE('',#2636,#571);
#400=LINE('',#2639,#572);
#401=LINE('',#2641,#573);
#402=LINE('',#2644,#574);
#403=LINE('',#2647,#575);
#404=LINE('',#2651,#576);
#405=LINE('',#2655,#577);
#406=LINE('',#2659,#578);
#407=LINE('',#2663,#579);
#408=LINE('',#2667,#580);
#409=LINE('',#2669,#581);
#410=LINE('',#2671,#582);
#411=LINE('',#2673,#583);
#412=LINE('',#2678,#584);
#413=LINE('',#2680,#585);
#414=LINE('',#2682,#586);
#415=LINE('',#2683,#587);
#416=LINE('',#2687,#588);
#417=LINE('',#2688,#589);
#418=LINE('',#2689,#590);
#419=LINE('',#2694,#591);
#420=LINE('',#2697,#592);
#421=LINE('',#2700,#593);
#422=LINE('',#2704,#594);
#423=LINE('',#2708,#595);
#424=LINE('',#2712,#596);
#425=LINE('',#2716,#597);
#426=LINE('',#2720,#598);
#427=LINE('',#2721,#599);
#428=LINE('',#2723,#600);
#429=LINE('',#2728,#601);
#430=LINE('',#2730,#602);
#431=LINE('',#2732,#603);
#432=LINE('',#2733,#604);
#433=LINE('',#2737,#605);
#434=LINE('',#2738,#606);
#435=LINE('',#2739,#607);
#436=LINE('',#2742,#608);
#437=LINE('',#2746,#609);
#438=LINE('',#2750,#610);
#439=LINE('',#2754,#611);
#440=LINE('',#2758,#612);
#441=LINE('',#2764,#613);
#442=LINE('',#2772,#614);
#443=LINE('',#2778,#615);
#444=LINE('',#2782,#616);
#445=LINE('',#2795,#617);
#446=LINE('',#2797,#618);
#447=LINE('',#2802,#619);
#448=LINE('',#2804,#620);
#449=LINE('',#2808,#621);
#450=LINE('',#2811,#622);
#451=LINE('',#2814,#623);
#452=LINE('',#2817,#624);
#453=LINE('',#2822,#625);
#454=LINE('',#2823,#626);
#455=LINE('',#2828,#627);
#456=LINE('',#2829,#628);
#457=LINE('',#2832,#629);
#458=LINE('',#2835,#630);
#459=LINE('',#2841,#631);
#460=LINE('',#2844,#632);
#461=LINE('',#2848,#633);
#462=LINE('',#2853,#634);
#463=LINE('',#2859,#635);
#464=LINE('',#2862,#636);
#465=LINE('',#2863,#637);
#466=LINE('',#2865,#638);
#467=LINE('',#2866,#639);
#468=LINE('',#2870,#640);
#469=LINE('',#2871,#641);
#470=LINE('',#2873,#642);
#471=LINE('',#2874,#643);
#472=LINE('',#2876,#644);
#473=LINE('',#2878,#645);
#474=LINE('',#2879,#646);
#475=LINE('',#2881,#647);
#476=LINE('',#2882,#648);
#477=LINE('',#2885,#649);
#478=LINE('',#2887,#650);
#479=LINE('',#2889,#651);
#480=LINE('',#2890,#652);
#481=LINE('',#2892,#653);
#482=LINE('',#2894,#654);
#483=LINE('',#2897,#655);
#484=LINE('',#2899,#656);
#485=LINE('',#2901,#657);
#486=LINE('',#2902,#658);
#487=LINE('',#2903,#659);
#488=LINE('',#2905,#660);
#489=LINE('',#2907,#661);
#490=LINE('',#2908,#662);
#491=LINE('',#2911,#663);
#492=LINE('',#2913,#664);
#493=LINE('',#2916,#665);
#494=LINE('',#2917,#666);
#495=LINE('',#2922,#667);
#496=LINE('',#2925,#668);
#497=LINE('',#2926,#669);
#498=LINE('',#2931,#670);
#499=LINE('',#2933,#671);
#500=LINE('',#2936,#672);
#501=LINE('',#2937,#673);
#502=LINE('',#2939,#674);
#503=LINE('',#2941,#675);
#504=LINE('',#2943,#676);
#505=LINE('',#2944,#677);
#506=LINE('',#2945,#678);
#507=LINE('',#2946,#679);
#508=LINE('',#2949,#680);
#509=LINE('',#2990,#681);
#510=VECTOR('',#1931,0.393700787401575);
#511=VECTOR('',#1932,0.393700787401575);
#512=VECTOR('',#1933,0.393700787401575);
#513=VECTOR('',#1934,0.393700787401575);
#514=VECTOR('',#1937,0.393700787401575);
#515=VECTOR('',#1938,0.393700787401575);
#516=VECTOR('',#1939,0.393700787401575);
#517=VECTOR('',#1940,0.393700787401575);
#518=VECTOR('',#1943,0.393700787401575);
#519=VECTOR('',#1948,0.393700787401575);
#520=VECTOR('',#1949,0.393700787401575);
#521=VECTOR('',#1950,0.393700787401575);
#522=VECTOR('',#1951,0.393700787401575);
#523=VECTOR('',#1952,0.393700787401575);
#524=VECTOR('',#1953,0.393700787401575);
#525=VECTOR('',#1956,0.393700787401575);
#526=VECTOR('',#1957,0.393700787401575);
#527=VECTOR('',#1958,0.393700787401575);
#528=VECTOR('',#1961,0.393700787401575);
#529=VECTOR('',#1962,0.393700787401575);
#530=VECTOR('',#1963,0.393700787401575);
#531=VECTOR('',#1964,0.393700787401575);
#532=VECTOR('',#1965,0.393700787401575);
#533=VECTOR('',#1970,0.393700787401575);
#534=VECTOR('',#1973,0.393700787401575);
#535=VECTOR('',#1986,0.393700787401575);
#536=VECTOR('',#1989,39.3700787401575);
#537=VECTOR('',#1992,39.3700787401575);
#538=VECTOR('',#1995,39.3700787401575);
#539=VECTOR('',#2004,39.3700787401575);
#540=VECTOR('',#2009,39.3700787401575);
#541=VECTOR('',#2012,39.3700787401575);
#542=VECTOR('',#2017,39.3700787401575);
#543=VECTOR('',#2018,39.3700787401575);
#544=VECTOR('',#2019,39.3700787401575);
#545=VECTOR('',#2022,39.3700787401575);
#546=VECTOR('',#2025,39.3700787401575);
#547=VECTOR('',#2026,39.3700787401575);
#548=VECTOR('',#2029,0.393700787401575);
#549=VECTOR('',#2030,0.393700787401575);
#550=VECTOR('',#2031,0.393700787401575);
#551=VECTOR('',#2032,0.393700787401575);
#552=VECTOR('',#2035,0.393700787401575);
#553=VECTOR('',#2036,0.393700787401575);
#554=VECTOR('',#2037,0.393700787401575);
#555=VECTOR('',#2044,39.3700787401575);
#556=VECTOR('',#2047,39.3700787401575);
#557=VECTOR('',#2052,39.3700787401575);
#558=VECTOR('',#2053,39.3700787401575);
#559=VECTOR('',#2056,39.3700787401575);
#560=VECTOR('',#2059,39.3700787401575);
#561=VECTOR('',#2066,39.3700787401575);
#562=VECTOR('',#2067,39.3700787401575);
#563=VECTOR('',#2070,0.393700787401575);
#564=VECTOR('',#2071,0.393700787401575);
#565=VECTOR('',#2072,0.393700787401575);
#566=VECTOR('',#2073,0.393700787401575);
#567=VECTOR('',#2076,0.393700787401575);
#568=VECTOR('',#2077,0.393700787401575);
#569=VECTOR('',#2078,0.393700787401575);
#570=VECTOR('',#2083,39.3700787401575);
#571=VECTOR('',#2090,39.3700787401575);
#572=VECTOR('',#2093,39.3700787401575);
#573=VECTOR('',#2096,39.3700787401575);
#574=VECTOR('',#2099,39.3700787401575);
#575=VECTOR('',#2100,39.3700787401575);
#576=VECTOR('',#2103,39.3700787401575);
#577=VECTOR('',#2106,39.3700787401575);
#578=VECTOR('',#2111,39.3700787401575);
#579=VECTOR('',#2114,39.3700787401575);
#580=VECTOR('',#2117,39.3700787401575);
#581=VECTOR('',#2118,39.3700787401575);
#582=VECTOR('',#2119,39.3700787401575);
#583=VECTOR('',#2120,39.3700787401575);
#584=VECTOR('',#2125,0.393700787401575);
#585=VECTOR('',#2126,0.393700787401575);
#586=VECTOR('',#2127,0.393700787401575);
#587=VECTOR('',#2128,0.393700787401575);
#588=VECTOR('',#2131,0.393700787401575);
#589=VECTOR('',#2132,0.393700787401575);
#590=VECTOR('',#2133,0.393700787401575);
#591=VECTOR('',#2138,39.3700787401575);
#592=VECTOR('',#2141,39.3700787401575);
#593=VECTOR('',#2142,39.3700787401575);
#594=VECTOR('',#2145,39.3700787401575);
#595=VECTOR('',#2148,39.3700787401575);
#596=VECTOR('',#2153,39.3700787401575);
#597=VECTOR('',#2156,39.3700787401575);
#598=VECTOR('',#2159,39.3700787401575);
#599=VECTOR('',#2160,39.3700787401575);
#600=VECTOR('',#2161,39.3700787401575);
#601=VECTOR('',#2166,0.393700787401575);
#602=VECTOR('',#2167,0.393700787401575);
#603=VECTOR('',#2168,0.393700787401575);
#604=VECTOR('',#2169,0.393700787401575);
#605=VECTOR('',#2172,0.393700787401575);
#606=VECTOR('',#2173,0.393700787401575);
#607=VECTOR('',#2174,0.393700787401575);
#608=VECTOR('',#2177,39.3700787401575);
#609=VECTOR('',#2180,39.3700787401575);
#610=VECTOR('',#2183,39.3700787401575);
#611=VECTOR('',#2186,39.3700787401575);
#612=VECTOR('',#2189,39.3700787401575);
#613=VECTOR('',#2196,39.3700787401575);
#614=VECTOR('',#2205,39.3700787401575);
#615=VECTOR('',#2212,39.3700787401575);
#616=VECTOR('',#2215,39.3700787401575);
#617=VECTOR('',#2220,39.3700787401575);
#618=VECTOR('',#2223,39.3700787401575);
#619=VECTOR('',#2228,39.3700787401575);
#620=VECTOR('',#2231,39.3700787401575);
#621=VECTOR('',#2236,39.3700787401575);
#622=VECTOR('',#2239,39.3700787401575);
#623=VECTOR('',#2242,39.3700787401575);
#624=VECTOR('',#2245,39.3700787401575);
#625=VECTOR('',#2250,39.3700787401575);
#626=VECTOR('',#2251,39.3700787401575);
#627=VECTOR('',#2256,39.3700787401575);
#628=VECTOR('',#2257,39.3700787401575);
#629=VECTOR('',#2260,39.3700787401575);
#630=VECTOR('',#2263,39.3700787401575);
#631=VECTOR('',#2268,39.3700787401575);
#632=VECTOR('',#2271,39.3700787401575);
#633=VECTOR('',#2276,39.3700787401575);
#634=VECTOR('',#2283,0.0590551181102362);
#635=VECTOR('',#2290,0.0590551181102363);
#636=VECTOR('',#2295,39.3700787401575);
#637=VECTOR('',#2296,39.3700787401575);
#638=VECTOR('',#2299,39.3700787401575);
#639=VECTOR('',#2300,39.3700787401575);
#640=VECTOR('',#2305,39.3700787401575);
#641=VECTOR('',#2306,39.3700787401575);
#642=VECTOR('',#2309,39.3700787401575);
#643=VECTOR('',#2310,39.3700787401575);
#644=VECTOR('',#2313,39.3700787401575);
#645=VECTOR('',#2316,39.3700787401575);
#646=VECTOR('',#2317,39.3700787401575);
#647=VECTOR('',#2320,39.3700787401575);
#648=VECTOR('',#2321,39.3700787401575);
#649=VECTOR('',#2324,39.3700787401575);
#650=VECTOR('',#2327,39.3700787401575);
#651=VECTOR('',#2330,39.3700787401575);
#652=VECTOR('',#2331,39.3700787401575);
#653=VECTOR('',#2334,39.3700787401575);
#654=VECTOR('',#2337,39.3700787401575);
#655=VECTOR('',#2340,39.3700787401575);
#656=VECTOR('',#2341,39.3700787401575);
#657=VECTOR('',#2342,39.3700787401575);
#658=VECTOR('',#2343,39.3700787401575);
#659=VECTOR('',#2344,39.3700787401575);
#660=VECTOR('',#2347,39.3700787401575);
#661=VECTOR('',#2348,39.3700787401575);
#662=VECTOR('',#2349,39.3700787401575);
#663=VECTOR('',#2352,39.3700787401575);
#664=VECTOR('',#2355,39.3700787401575);
#665=VECTOR('',#2360,39.3700787401575);
#666=VECTOR('',#2361,39.3700787401575);
#667=VECTOR('',#2370,39.3700787401575);
#668=VECTOR('',#2375,39.3700787401575);
#669=VECTOR('',#2376,39.3700787401575);
#670=VECTOR('',#2385,39.3700787401575);
#671=VECTOR('',#2388,39.3700787401575);
#672=VECTOR('',#2393,39.3700787401575);
#673=VECTOR('',#2394,39.3700787401575);
#674=VECTOR('',#2397,39.3700787401575);
#675=VECTOR('',#2400,39.3700787401575);
#676=VECTOR('',#2403,39.3700787401575);
#677=VECTOR('',#2404,39.3700787401575);
#678=VECTOR('',#2405,39.3700787401575);
#679=VECTOR('',#2406,39.3700787401575);
#680=VECTOR('',#2411,39.3700787401575);
#681=VECTOR('',#2426,39.3700787401575);
#682=VERTEX_POINT('',#2431);
#683=VERTEX_POINT('',#2432);
#684=VERTEX_POINT('',#2434);
#685=VERTEX_POINT('',#2436);
#686=VERTEX_POINT('',#2440);
#687=VERTEX_POINT('',#2441);
#688=VERTEX_POINT('',#2443);
#689=VERTEX_POINT('',#2445);
#690=VERTEX_POINT('',#2449);
#691=VERTEX_POINT('',#2450);
#692=VERTEX_POINT('',#2452);
#693=VERTEX_POINT('',#2454);
#694=VERTEX_POINT('',#2456);
#695=VERTEX_POINT('',#2458);
#696=VERTEX_POINT('',#2460);
#697=VERTEX_POINT('',#2462);
#698=VERTEX_POINT('',#2464);
#699=VERTEX_POINT('',#2468);
#700=VERTEX_POINT('',#2470);
#701=VERTEX_POINT('',#2474);
#702=VERTEX_POINT('',#2475);
#703=VERTEX_POINT('',#2478);
#704=VERTEX_POINT('',#2480);
#705=VERTEX_POINT('',#2482);
#706=VERTEX_POINT('',#2484);
#707=VERTEX_POINT('',#2486);
#708=VERTEX_POINT('',#2493);
#709=VERTEX_POINT('',#2498);
#710=VERTEX_POINT('',#2500);
#711=VERTEX_POINT('',#2502);
#712=VERTEX_POINT('',#2504);
#713=VERTEX_POINT('',#2506);
#714=VERTEX_POINT('',#2508);
#715=VERTEX_POINT('',#2513);
#716=VERTEX_POINT('',#2515);
#717=VERTEX_POINT('',#2517);
#718=VERTEX_POINT('',#2521);
#719=VERTEX_POINT('',#2532);
#720=VERTEX_POINT('',#2534);
#721=VERTEX_POINT('',#2536);
#722=VERTEX_POINT('',#2550);
#723=VERTEX_POINT('',#2552);
#724=VERTEX_POINT('',#2554);
#725=VERTEX_POINT('',#2556);
#726=VERTEX_POINT('',#2560);
#727=VERTEX_POINT('',#2564);
#728=VERTEX_POINT('',#2565);
#729=VERTEX_POINT('',#2567);
#730=VERTEX_POINT('',#2569);
#731=VERTEX_POINT('',#2573);
#732=VERTEX_POINT('',#2574);
#733=VERTEX_POINT('',#2579);
#734=VERTEX_POINT('',#2581);
#735=VERTEX_POINT('',#2585);
#736=VERTEX_POINT('',#2587);
#737=VERTEX_POINT('',#2589);
#738=VERTEX_POINT('',#2592);
#739=VERTEX_POINT('',#2593);
#740=VERTEX_POINT('',#2595);
#741=VERTEX_POINT('',#2597);
#742=VERTEX_POINT('',#2599);
#743=VERTEX_POINT('',#2601);
#744=VERTEX_POINT('',#2605);
#745=VERTEX_POINT('',#2606);
#746=VERTEX_POINT('',#2611);
#747=VERTEX_POINT('',#2612);
#748=VERTEX_POINT('',#2614);
#749=VERTEX_POINT('',#2616);
#750=VERTEX_POINT('',#2620);
#751=VERTEX_POINT('',#2621);
#752=VERTEX_POINT('',#2626);
#753=VERTEX_POINT('',#2628);
#754=VERTEX_POINT('',#2632);
#755=VERTEX_POINT('',#2633);
#756=VERTEX_POINT('',#2635);
#757=VERTEX_POINT('',#2637);
#758=VERTEX_POINT('',#2642);
#759=VERTEX_POINT('',#2645);
#760=VERTEX_POINT('',#2646);
#761=VERTEX_POINT('',#2648);
#762=VERTEX_POINT('',#2650);
#763=VERTEX_POINT('',#2652);
#764=VERTEX_POINT('',#2654);
#765=VERTEX_POINT('',#2658);
#766=VERTEX_POINT('',#2660);
#767=VERTEX_POINT('',#2662);
#768=VERTEX_POINT('',#2664);
#769=VERTEX_POINT('',#2666);
#770=VERTEX_POINT('',#2668);
#771=VERTEX_POINT('',#2670);
#772=VERTEX_POINT('',#2672);
#773=VERTEX_POINT('',#2676);
#774=VERTEX_POINT('',#2677);
#775=VERTEX_POINT('',#2679);
#776=VERTEX_POINT('',#2681);
#777=VERTEX_POINT('',#2685);
#778=VERTEX_POINT('',#2686);
#779=VERTEX_POINT('',#2691);
#780=VERTEX_POINT('',#2693);
#781=VERTEX_POINT('',#2695);
#782=VERTEX_POINT('',#2698);
#783=VERTEX_POINT('',#2699);
#784=VERTEX_POINT('',#2701);
#785=VERTEX_POINT('',#2703);
#786=VERTEX_POINT('',#2705);
#787=VERTEX_POINT('',#2707);
#788=VERTEX_POINT('',#2711);
#789=VERTEX_POINT('',#2713);
#790=VERTEX_POINT('',#2715);
#791=VERTEX_POINT('',#2717);
#792=VERTEX_POINT('',#2719);
#793=VERTEX_POINT('',#2722);
#794=VERTEX_POINT('',#2726);
#795=VERTEX_POINT('',#2727);
#796=VERTEX_POINT('',#2729);
#797=VERTEX_POINT('',#2731);
#798=VERTEX_POINT('',#2735);
#799=VERTEX_POINT('',#2736);
#800=VERTEX_POINT('',#2741);
#801=VERTEX_POINT('',#2743);
#802=VERTEX_POINT('',#2745);
#803=VERTEX_POINT('',#2748);
#804=VERTEX_POINT('',#2749);
#805=VERTEX_POINT('',#2751);
#806=VERTEX_POINT('',#2753);
#807=VERTEX_POINT('',#2755);
#808=VERTEX_POINT('',#2757);
#809=VERTEX_POINT('',#2761);
#810=VERTEX_POINT('',#2763);
#811=VERTEX_POINT('',#2765);
#812=VERTEX_POINT('',#2769);
#813=VERTEX_POINT('',#2771);
#814=VERTEX_POINT('',#2775);
#815=VERTEX_POINT('',#2777);
#816=VERTEX_POINT('',#2779);
#817=VERTEX_POINT('',#2781);
#818=VERTEX_POINT('',#2792);
#819=VERTEX_POINT('',#2793);
#820=VERTEX_POINT('',#2799);
#821=VERTEX_POINT('',#2800);
#822=VERTEX_POINT('',#2807);
#823=VERTEX_POINT('',#2809);
#824=VERTEX_POINT('',#2813);
#825=VERTEX_POINT('',#2815);
#826=VERTEX_POINT('',#2819);
#827=VERTEX_POINT('',#2820);
#828=VERTEX_POINT('',#2825);
#829=VERTEX_POINT('',#2826);
#830=VERTEX_POINT('',#2831);
#831=VERTEX_POINT('',#2833);
#832=VERTEX_POINT('',#2837);
#833=VERTEX_POINT('',#2838);
#834=VERTEX_POINT('',#2840);
#835=VERTEX_POINT('',#2842);
#836=VERTEX_POINT('',#2846);
#837=VERTEX_POINT('',#2852);
#838=VERTEX_POINT('',#2856);
#839=VERTEX_POINT('',#2858);
#840=VERTEX_POINT('',#2868);
#841=VERTEX_POINT('',#2884);
#842=VERTEX_POINT('',#2896);
#843=VERTEX_POINT('',#2898);
#844=VERTEX_POINT('',#2900);
#845=VERTEX_POINT('',#2906);
#846=VERTEX_POINT('',#2910);
#847=VERTEX_POINT('',#2973);
#848=EDGE_CURVE('',#682,#683,#338,.T.);
#849=EDGE_CURVE('',#684,#682,#339,.T.);
#850=EDGE_CURVE('',#685,#684,#340,.T.);
#851=EDGE_CURVE('',#683,#685,#341,.T.);
#852=EDGE_CURVE('',#686,#687,#342,.T.);
#853=EDGE_CURVE('',#688,#686,#343,.T.);
#854=EDGE_CURVE('',#689,#688,#344,.T.);
#855=EDGE_CURVE('',#687,#689,#345,.T.);
#856=EDGE_CURVE('',#690,#691,#346,.T.);
#857=EDGE_CURVE('',#692,#690,#77,.T.);
#858=EDGE_CURVE('',#693,#692,#78,.T.);
#859=EDGE_CURVE('',#694,#693,#347,.T.);
#860=EDGE_CURVE('',#695,#694,#348,.T.);
#861=EDGE_CURVE('',#696,#695,#349,.T.);
#862=EDGE_CURVE('',#697,#696,#350,.T.);
#863=EDGE_CURVE('',#698,#697,#351,.T.);
#864=EDGE_CURVE('',#691,#698,#352,.T.);
#865=EDGE_CURVE('',#699,#696,#353,.T.);
#866=EDGE_CURVE('',#699,#700,#354,.T.);
#867=EDGE_CURVE('',#700,#697,#355,.T.);
#868=EDGE_CURVE('',#701,#702,#356,.T.);
#869=EDGE_CURVE('',#701,#700,#357,.T.);
#870=EDGE_CURVE('',#703,#699,#358,.T.);
#871=EDGE_CURVE('',#704,#703,#359,.T.);
#872=EDGE_CURVE('',#705,#704,#360,.T.);
#873=EDGE_CURVE('',#706,#705,#79,.T.);
#874=EDGE_CURVE('',#707,#706,#80,.T.);
#875=EDGE_CURVE('',#702,#707,#361,.T.);
#876=EDGE_CURVE('',#698,#701,#362,.T.);
#877=EDGE_CURVE('',#683,#685,#81,.T.);
#878=EDGE_CURVE('',#708,#708,#82,.T.);
#879=EDGE_CURVE('',#682,#684,#83,.T.);
#880=EDGE_CURVE('',#709,#691,#363,.T.);
#881=EDGE_CURVE('',#710,#702,#84,.T.);
#882=EDGE_CURVE('',#711,#710,#364,.T.);
#883=EDGE_CURVE('',#712,#711,#85,.T.);
#884=EDGE_CURVE('',#713,#712,#365,.T.);
#885=EDGE_CURVE('',#714,#713,#86,.T.);
#886=EDGE_CURVE('',#709,#714,#366,.T.);
#887=EDGE_CURVE('',#689,#687,#87,.T.);
#888=EDGE_CURVE('',#715,#707,#25,.T.);
#889=EDGE_CURVE('',#715,#716,#88,.T.);
#890=EDGE_CURVE('',#716,#717,#367,.T.);
#891=EDGE_CURVE('',#711,#717,#89,.T.);
#892=EDGE_CURVE('',#718,#706,#368,.T.);
#893=EDGE_CURVE('',#718,#715,#19,.T.);
#894=EDGE_CURVE('',#705,#719,#369,.T.);
#895=EDGE_CURVE('',#719,#720,#26,.T.);
#896=EDGE_CURVE('',#721,#720,#20,.T.);
#897=EDGE_CURVE('',#718,#721,#21,.T.);
#898=EDGE_CURVE('',#722,#704,#370,.T.);
#899=EDGE_CURVE('',#723,#722,#371,.T.);
#900=EDGE_CURVE('',#724,#723,#372,.T.);
#901=EDGE_CURVE('',#725,#724,#27,.T.);
#902=EDGE_CURVE('',#719,#725,#373,.T.);
#903=EDGE_CURVE('',#703,#726,#374,.T.);
#904=EDGE_CURVE('',#726,#722,#375,.T.);
#905=EDGE_CURVE('',#727,#728,#376,.T.);
#906=EDGE_CURVE('',#728,#729,#377,.T.);
#907=EDGE_CURVE('',#729,#730,#378,.T.);
#908=EDGE_CURVE('',#727,#730,#379,.T.);
#909=EDGE_CURVE('',#731,#732,#380,.T.);
#910=EDGE_CURVE('',#730,#732,#381,.T.);
#911=EDGE_CURVE('',#729,#731,#382,.T.);
#912=EDGE_CURVE('',#732,#733,#90,.T.);
#913=EDGE_CURVE('',#731,#734,#91,.T.);
#914=EDGE_CURVE('',#734,#733,#383,.T.);
#915=EDGE_CURVE('',#728,#735,#384,.T.);
#916=EDGE_CURVE('',#736,#735,#92,.T.);
#917=EDGE_CURVE('',#737,#736,#93,.T.);
#918=EDGE_CURVE('',#734,#737,#385,.T.);
#919=EDGE_CURVE('',#738,#739,#386,.T.);
#920=EDGE_CURVE('',#740,#739,#94,.T.);
#921=EDGE_CURVE('',#740,#741,#387,.T.);
#922=EDGE_CURVE('',#742,#741,#95,.T.);
#923=EDGE_CURVE('',#742,#743,#388,.T.);
#924=EDGE_CURVE('',#743,#738,#96,.T.);
#925=EDGE_CURVE('',#744,#745,#97,.T.);
#926=EDGE_CURVE('',#744,#737,#389,.T.);
#927=EDGE_CURVE('',#736,#745,#390,.T.);
#928=EDGE_CURVE('',#746,#747,#391,.T.);
#929=EDGE_CURVE('',#748,#747,#392,.T.);
#930=EDGE_CURVE('',#748,#749,#393,.T.);
#931=EDGE_CURVE('',#749,#746,#394,.T.);
#932=EDGE_CURVE('',#750,#751,#395,.T.);
#933=EDGE_CURVE('',#751,#749,#396,.T.);
#934=EDGE_CURVE('',#750,#748,#397,.T.);
#935=EDGE_CURVE('',#750,#752,#98,.T.);
#936=EDGE_CURVE('',#752,#753,#398,.T.);
#937=EDGE_CURVE('',#751,#753,#99,.T.);
#938=EDGE_CURVE('',#754,#755,#100,.T.);
#939=EDGE_CURVE('',#754,#756,#399,.T.);
#940=EDGE_CURVE('',#756,#757,#101,.T.);
#941=EDGE_CURVE('',#757,#755,#400,.T.);
#942=EDGE_CURVE('',#753,#757,#401,.T.);
#943=EDGE_CURVE('',#758,#756,#102,.T.);
#944=EDGE_CURVE('',#746,#758,#402,.T.);
#945=EDGE_CURVE('',#759,#760,#403,.T.);
#946=EDGE_CURVE('',#760,#761,#103,.T.);
#947=EDGE_CURVE('',#761,#762,#404,.T.);
#948=EDGE_CURVE('',#763,#762,#104,.T.);
#949=EDGE_CURVE('',#763,#764,#405,.T.);
#950=EDGE_CURVE('',#759,#764,#105,.T.);
#951=EDGE_CURVE('',#765,#747,#406,.T.);
#952=EDGE_CURVE('',#766,#765,#106,.T.);
#953=EDGE_CURVE('',#767,#766,#407,.T.);
#954=EDGE_CURVE('',#768,#767,#107,.T.);
#955=EDGE_CURVE('',#769,#768,#408,.T.);
#956=EDGE_CURVE('',#769,#770,#409,.T.);
#957=EDGE_CURVE('',#771,#770,#410,.T.);
#958=EDGE_CURVE('',#772,#771,#411,.T.);
#959=EDGE_CURVE('',#772,#750,#108,.T.);
#960=EDGE_CURVE('',#773,#774,#412,.T.);
#961=EDGE_CURVE('',#775,#774,#413,.T.);
#962=EDGE_CURVE('',#775,#776,#414,.T.);
#963=EDGE_CURVE('',#776,#773,#415,.T.);
#964=EDGE_CURVE('',#777,#778,#416,.T.);
#965=EDGE_CURVE('',#778,#776,#417,.T.);
#966=EDGE_CURVE('',#777,#775,#418,.T.);
#967=EDGE_CURVE('',#779,#778,#109,.T.);
#968=EDGE_CURVE('',#779,#780,#419,.T.);
#969=EDGE_CURVE('',#781,#780,#110,.T.);
#970=EDGE_CURVE('',#773,#781,#420,.T.);
#971=EDGE_CURVE('',#782,#783,#421,.T.);
#972=EDGE_CURVE('',#783,#784,#111,.T.);
#973=EDGE_CURVE('',#784,#785,#422,.T.);
#974=EDGE_CURVE('',#786,#785,#112,.T.);
#975=EDGE_CURVE('',#786,#787,#423,.T.);
#976=EDGE_CURVE('',#782,#787,#113,.T.);
#977=EDGE_CURVE('',#788,#774,#424,.T.);
#978=EDGE_CURVE('',#789,#788,#114,.T.);
#979=EDGE_CURVE('',#790,#789,#425,.T.);
#980=EDGE_CURVE('',#791,#790,#115,.T.);
#981=EDGE_CURVE('',#791,#792,#426,.T.);
#982=EDGE_CURVE('',#724,#792,#427,.T.);
#983=EDGE_CURVE('',#723,#793,#428,.T.);
#984=EDGE_CURVE('',#777,#793,#116,.T.);
#985=EDGE_CURVE('',#794,#795,#429,.T.);
#986=EDGE_CURVE('',#795,#796,#430,.T.);
#987=EDGE_CURVE('',#796,#797,#431,.T.);
#988=EDGE_CURVE('',#794,#797,#432,.T.);
#989=EDGE_CURVE('',#798,#799,#433,.T.);
#990=EDGE_CURVE('',#797,#799,#434,.T.);
#991=EDGE_CURVE('',#796,#798,#435,.T.);
#992=EDGE_CURVE('',#795,#800,#436,.T.);
#993=EDGE_CURVE('',#801,#800,#117,.T.);
#994=EDGE_CURVE('',#802,#801,#437,.T.);
#995=EDGE_CURVE('',#798,#802,#118,.T.);
#996=EDGE_CURVE('',#803,#804,#438,.T.);
#997=EDGE_CURVE('',#805,#804,#119,.T.);
#998=EDGE_CURVE('',#805,#806,#439,.T.);
#999=EDGE_CURVE('',#807,#806,#120,.T.);
#1000=EDGE_CURVE('',#807,#808,#440,.T.);
#1001=EDGE_CURVE('',#808,#803,#121,.T.);
#1002=EDGE_CURVE('',#714,#809,#122,.T.);
#1003=EDGE_CURVE('',#809,#810,#441,.T.);
#1004=EDGE_CURVE('',#811,#810,#123,.T.);
#1005=EDGE_CURVE('',#690,#811,#28,.T.);
#1006=EDGE_CURVE('',#712,#812,#124,.T.);
#1007=EDGE_CURVE('',#812,#813,#442,.T.);
#1008=EDGE_CURVE('',#713,#813,#125,.T.);
#1009=EDGE_CURVE('',#810,#814,#126,.T.);
#1010=EDGE_CURVE('',#810,#815,#443,.T.);
#1011=EDGE_CURVE('',#815,#816,#127,.T.);
#1012=EDGE_CURVE('',#816,#817,#444,.T.);
#1013=EDGE_CURVE('',#814,#817,#22,.T.);
#1014=EDGE_CURVE('',#818,#819,#128,.T.);
#1015=EDGE_CURVE('',#819,#809,#445,.T.);
#1016=EDGE_CURVE('',#813,#809,#129,.T.);
#1017=EDGE_CURVE('',#813,#818,#446,.T.);
#1018=EDGE_CURVE('',#820,#821,#130,.T.);
#1019=EDGE_CURVE('',#821,#812,#447,.T.);
#1020=EDGE_CURVE('',#717,#812,#131,.T.);
#1021=EDGE_CURVE('',#717,#820,#448,.T.);
#1022=EDGE_CURVE('',#721,#716,#132,.T.);
#1023=EDGE_CURVE('',#720,#822,#449,.T.);
#1024=EDGE_CURVE('',#822,#823,#133,.T.);
#1025=EDGE_CURVE('',#823,#716,#450,.T.);
#1026=EDGE_CURVE('',#788,#824,#451,.T.);
#1027=EDGE_CURVE('',#824,#825,#134,.T.);
#1028=EDGE_CURVE('',#825,#789,#452,.T.);
#1029=EDGE_CURVE('',#826,#827,#135,.T.);
#1030=EDGE_CURVE('',#827,#791,#453,.T.);
#1031=EDGE_CURVE('',#790,#826,#454,.T.);
#1032=EDGE_CURVE('',#828,#829,#136,.T.);
#1033=EDGE_CURVE('',#829,#768,#455,.T.);
#1034=EDGE_CURVE('',#767,#828,#456,.T.);
#1035=EDGE_CURVE('',#765,#830,#457,.T.);
#1036=EDGE_CURVE('',#830,#831,#137,.T.);
#1037=EDGE_CURVE('',#831,#766,#458,.T.);
#1038=EDGE_CURVE('',#832,#833,#138,.T.);
#1039=EDGE_CURVE('',#833,#834,#459,.T.);
#1040=EDGE_CURVE('',#834,#835,#29,.T.);
#1041=EDGE_CURVE('',#835,#832,#460,.T.);
#1042=EDGE_CURVE('',#792,#836,#139,.T.);
#1043=EDGE_CURVE('',#836,#725,#461,.T.);
#1044=EDGE_CURVE('',#688,#686,#140,.T.);
#1045=EDGE_CURVE('',#708,#837,#462,.T.);
#1046=EDGE_CURVE('',#837,#837,#141,.T.);
#1047=EDGE_CURVE('',#838,#838,#142,.T.);
#1048=EDGE_CURVE('',#838,#839,#463,.T.);
#1049=EDGE_CURVE('',#839,#839,#143,.T.);
#1050=EDGE_CURVE('',#739,#759,#464,.T.);
#1051=EDGE_CURVE('',#764,#740,#465,.T.);
#1052=EDGE_CURVE('',#741,#763,#466,.T.);
#1053=EDGE_CURVE('',#762,#742,#467,.T.);
#1054=EDGE_CURVE('',#840,#732,#144,.T.);
#1055=EDGE_CURVE('',#733,#752,#468,.T.);
#1056=EDGE_CURVE('',#772,#840,#469,.T.);
#1057=EDGE_CURVE('',#735,#758,#470,.T.);
#1058=EDGE_CURVE('',#745,#754,#471,.T.);
#1059=EDGE_CURVE('',#755,#744,#472,.T.);
#1060=EDGE_CURVE('',#806,#786,#473,.T.);
#1061=EDGE_CURVE('',#785,#807,#474,.T.);
#1062=EDGE_CURVE('',#804,#782,#475,.T.);
#1063=EDGE_CURVE('',#787,#805,#476,.T.);
#1064=EDGE_CURVE('',#841,#793,#477,.T.);
#1065=EDGE_CURVE('',#841,#799,#145,.T.);
#1066=EDGE_CURVE('',#802,#779,#478,.T.);
#1067=EDGE_CURVE('',#800,#781,#479,.T.);
#1068=EDGE_CURVE('',#780,#801,#480,.T.);
#1069=EDGE_CURVE('',#824,#794,#481,.T.);
#1070=EDGE_CURVE('',#830,#727,#482,.T.);
#1071=EDGE_CURVE('',#840,#842,#483,.T.);
#1072=EDGE_CURVE('',#842,#843,#484,.T.);
#1073=EDGE_CURVE('',#844,#843,#485,.T.);
#1074=EDGE_CURVE('',#829,#844,#486,.T.);
#1075=EDGE_CURVE('',#831,#828,#487,.T.);
#1076=EDGE_CURVE('',#770,#695,#488,.T.);
#1077=EDGE_CURVE('',#845,#769,#489,.T.);
#1078=EDGE_CURVE('',#845,#726,#490,.T.);
#1079=EDGE_CURVE('',#835,#846,#491,.T.);
#1080=EDGE_CURVE('',#846,#817,#30,.T.);
#1081=EDGE_CURVE('',#832,#816,#492,.T.);
#1082=EDGE_CURVE('',#803,#783,#493,.T.);
#1083=EDGE_CURVE('',#808,#784,#494,.T.);
#1084=EDGE_CURVE('',#694,#771,#495,.T.);
#1085=EDGE_CURVE('',#738,#760,#496,.T.);
#1086=EDGE_CURVE('',#743,#761,#497,.T.);
#1087=EDGE_CURVE('',#771,#842,#498,.T.);
#1088=EDGE_CURVE('',#722,#841,#499,.T.);
#1089=EDGE_CURVE('',#846,#693,#500,.T.);
#1090=EDGE_CURVE('',#842,#834,#501,.T.);
#1091=EDGE_CURVE('',#822,#836,#502,.T.);
#1092=EDGE_CURVE('',#844,#833,#503,.T.);
#1093=EDGE_CURVE('',#827,#845,#504,.T.);
#1094=EDGE_CURVE('',#819,#815,#505,.T.);
#1095=EDGE_CURVE('',#821,#818,#506,.T.);
#1096=EDGE_CURVE('',#823,#820,#507,.T.);
#1097=EDGE_CURVE('',#825,#826,#508,.T.);
#1098=EDGE_CURVE('',#811,#847,#23,.T.);
#1099=EDGE_CURVE('',#847,#814,#24,.T.);
#1100=EDGE_CURVE('',#692,#847,#509,.T.);
#1101=ORIENTED_EDGE('',*,*,#848,.F.);
#1102=ORIENTED_EDGE('',*,*,#849,.F.);
#1103=ORIENTED_EDGE('',*,*,#850,.F.);
#1104=ORIENTED_EDGE('',*,*,#851,.F.);
#1105=ORIENTED_EDGE('',*,*,#852,.F.);
#1106=ORIENTED_EDGE('',*,*,#853,.F.);
#1107=ORIENTED_EDGE('',*,*,#854,.F.);
#1108=ORIENTED_EDGE('',*,*,#855,.F.);
#1109=ORIENTED_EDGE('',*,*,#856,.F.);
#1110=ORIENTED_EDGE('',*,*,#857,.F.);
#1111=ORIENTED_EDGE('',*,*,#858,.F.);
#1112=ORIENTED_EDGE('',*,*,#859,.F.);
#1113=ORIENTED_EDGE('',*,*,#860,.F.);
#1114=ORIENTED_EDGE('',*,*,#861,.F.);
#1115=ORIENTED_EDGE('',*,*,#862,.F.);
#1116=ORIENTED_EDGE('',*,*,#863,.F.);
#1117=ORIENTED_EDGE('',*,*,#864,.F.);
#1118=ORIENTED_EDGE('',*,*,#865,.F.);
#1119=ORIENTED_EDGE('',*,*,#866,.T.);
#1120=ORIENTED_EDGE('',*,*,#867,.T.);
#1121=ORIENTED_EDGE('',*,*,#862,.T.);
#1122=ORIENTED_EDGE('',*,*,#868,.F.);
#1123=ORIENTED_EDGE('',*,*,#869,.T.);
#1124=ORIENTED_EDGE('',*,*,#866,.F.);
#1125=ORIENTED_EDGE('',*,*,#870,.F.);
#1126=ORIENTED_EDGE('',*,*,#871,.F.);
#1127=ORIENTED_EDGE('',*,*,#872,.F.);
#1128=ORIENTED_EDGE('',*,*,#873,.F.);
#1129=ORIENTED_EDGE('',*,*,#874,.F.);
#1130=ORIENTED_EDGE('',*,*,#875,.F.);
#1131=ORIENTED_EDGE('',*,*,#863,.T.);
#1132=ORIENTED_EDGE('',*,*,#867,.F.);
#1133=ORIENTED_EDGE('',*,*,#869,.F.);
#1134=ORIENTED_EDGE('',*,*,#876,.F.);
#1135=ORIENTED_EDGE('',*,*,#851,.T.);
#1136=ORIENTED_EDGE('',*,*,#877,.F.);
#1137=ORIENTED_EDGE('',*,*,#878,.F.);
#1138=ORIENTED_EDGE('',*,*,#848,.T.);
#1139=ORIENTED_EDGE('',*,*,#877,.T.);
#1140=ORIENTED_EDGE('',*,*,#850,.T.);
#1141=ORIENTED_EDGE('',*,*,#879,.F.);
#1142=ORIENTED_EDGE('',*,*,#880,.T.);
#1143=ORIENTED_EDGE('',*,*,#864,.T.);
#1144=ORIENTED_EDGE('',*,*,#876,.T.);
#1145=ORIENTED_EDGE('',*,*,#868,.T.);
#1146=ORIENTED_EDGE('',*,*,#881,.F.);
#1147=ORIENTED_EDGE('',*,*,#882,.F.);
#1148=ORIENTED_EDGE('',*,*,#883,.F.);
#1149=ORIENTED_EDGE('',*,*,#884,.F.);
#1150=ORIENTED_EDGE('',*,*,#885,.F.);
#1151=ORIENTED_EDGE('',*,*,#886,.F.);
#1152=ORIENTED_EDGE('',*,*,#879,.T.);
#1153=ORIENTED_EDGE('',*,*,#849,.T.);
#1154=ORIENTED_EDGE('',*,*,#855,.T.);
#1155=ORIENTED_EDGE('',*,*,#887,.T.);
#1156=ORIENTED_EDGE('',*,*,#881,.T.);
#1157=ORIENTED_EDGE('',*,*,#875,.T.);
#1158=ORIENTED_EDGE('',*,*,#888,.F.);
#1159=ORIENTED_EDGE('',*,*,#889,.T.);
#1160=ORIENTED_EDGE('',*,*,#890,.T.);
#1161=ORIENTED_EDGE('',*,*,#891,.F.);
#1162=ORIENTED_EDGE('',*,*,#882,.T.);
#1163=ORIENTED_EDGE('',*,*,#874,.T.);
#1164=ORIENTED_EDGE('',*,*,#892,.F.);
#1165=ORIENTED_EDGE('',*,*,#893,.T.);
#1166=ORIENTED_EDGE('',*,*,#888,.T.);
#1167=ORIENTED_EDGE('',*,*,#873,.T.);
#1168=ORIENTED_EDGE('',*,*,#894,.T.);
#1169=ORIENTED_EDGE('',*,*,#895,.T.);
#1170=ORIENTED_EDGE('',*,*,#896,.F.);
#1171=ORIENTED_EDGE('',*,*,#897,.F.);
#1172=ORIENTED_EDGE('',*,*,#892,.T.);
#1173=ORIENTED_EDGE('',*,*,#872,.T.);
#1174=ORIENTED_EDGE('',*,*,#898,.F.);
#1175=ORIENTED_EDGE('',*,*,#899,.F.);
#1176=ORIENTED_EDGE('',*,*,#900,.F.);
#1177=ORIENTED_EDGE('',*,*,#901,.F.);
#1178=ORIENTED_EDGE('',*,*,#902,.F.);
#1179=ORIENTED_EDGE('',*,*,#894,.F.);
#1180=ORIENTED_EDGE('',*,*,#871,.T.);
#1181=ORIENTED_EDGE('',*,*,#903,.T.);
#1182=ORIENTED_EDGE('',*,*,#904,.T.);
#1183=ORIENTED_EDGE('',*,*,#898,.T.);
#1184=ORIENTED_EDGE('',*,*,#905,.T.);
#1185=ORIENTED_EDGE('',*,*,#906,.T.);
#1186=ORIENTED_EDGE('',*,*,#907,.T.);
#1187=ORIENTED_EDGE('',*,*,#908,.F.);
#1188=ORIENTED_EDGE('',*,*,#909,.T.);
#1189=ORIENTED_EDGE('',*,*,#910,.F.);
#1190=ORIENTED_EDGE('',*,*,#907,.F.);
#1191=ORIENTED_EDGE('',*,*,#911,.T.);
#1192=ORIENTED_EDGE('',*,*,#912,.F.);
#1193=ORIENTED_EDGE('',*,*,#909,.F.);
#1194=ORIENTED_EDGE('',*,*,#913,.T.);
#1195=ORIENTED_EDGE('',*,*,#914,.T.);
#1196=ORIENTED_EDGE('',*,*,#911,.F.);
#1197=ORIENTED_EDGE('',*,*,#906,.F.);
#1198=ORIENTED_EDGE('',*,*,#915,.T.);
#1199=ORIENTED_EDGE('',*,*,#916,.F.);
#1200=ORIENTED_EDGE('',*,*,#917,.F.);
#1201=ORIENTED_EDGE('',*,*,#918,.F.);
#1202=ORIENTED_EDGE('',*,*,#913,.F.);
#1203=ORIENTED_EDGE('',*,*,#919,.T.);
#1204=ORIENTED_EDGE('',*,*,#920,.F.);
#1205=ORIENTED_EDGE('',*,*,#921,.T.);
#1206=ORIENTED_EDGE('',*,*,#922,.F.);
#1207=ORIENTED_EDGE('',*,*,#923,.T.);
#1208=ORIENTED_EDGE('',*,*,#924,.T.);
#1209=ORIENTED_EDGE('',*,*,#925,.F.);
#1210=ORIENTED_EDGE('',*,*,#926,.T.);
#1211=ORIENTED_EDGE('',*,*,#917,.T.);
#1212=ORIENTED_EDGE('',*,*,#927,.T.);
#1213=ORIENTED_EDGE('',*,*,#928,.T.);
#1214=ORIENTED_EDGE('',*,*,#929,.F.);
#1215=ORIENTED_EDGE('',*,*,#930,.T.);
#1216=ORIENTED_EDGE('',*,*,#931,.T.);
#1217=ORIENTED_EDGE('',*,*,#932,.T.);
#1218=ORIENTED_EDGE('',*,*,#933,.T.);
#1219=ORIENTED_EDGE('',*,*,#930,.F.);
#1220=ORIENTED_EDGE('',*,*,#934,.F.);
#1221=ORIENTED_EDGE('',*,*,#932,.F.);
#1222=ORIENTED_EDGE('',*,*,#935,.T.);
#1223=ORIENTED_EDGE('',*,*,#936,.T.);
#1224=ORIENTED_EDGE('',*,*,#937,.F.);
#1225=ORIENTED_EDGE('',*,*,#938,.F.);
#1226=ORIENTED_EDGE('',*,*,#939,.T.);
#1227=ORIENTED_EDGE('',*,*,#940,.T.);
#1228=ORIENTED_EDGE('',*,*,#941,.T.);
#1229=ORIENTED_EDGE('',*,*,#933,.F.);
#1230=ORIENTED_EDGE('',*,*,#937,.T.);
#1231=ORIENTED_EDGE('',*,*,#942,.T.);
#1232=ORIENTED_EDGE('',*,*,#940,.F.);
#1233=ORIENTED_EDGE('',*,*,#943,.F.);
#1234=ORIENTED_EDGE('',*,*,#944,.F.);
#1235=ORIENTED_EDGE('',*,*,#931,.F.);
#1236=ORIENTED_EDGE('',*,*,#945,.T.);
#1237=ORIENTED_EDGE('',*,*,#946,.T.);
#1238=ORIENTED_EDGE('',*,*,#947,.T.);
#1239=ORIENTED_EDGE('',*,*,#948,.F.);
#1240=ORIENTED_EDGE('',*,*,#949,.T.);
#1241=ORIENTED_EDGE('',*,*,#950,.F.);
#1242=ORIENTED_EDGE('',*,*,#934,.T.);
#1243=ORIENTED_EDGE('',*,*,#929,.T.);
#1244=ORIENTED_EDGE('',*,*,#951,.F.);
#1245=ORIENTED_EDGE('',*,*,#952,.F.);
#1246=ORIENTED_EDGE('',*,*,#953,.F.);
#1247=ORIENTED_EDGE('',*,*,#954,.F.);
#1248=ORIENTED_EDGE('',*,*,#955,.F.);
#1249=ORIENTED_EDGE('',*,*,#956,.T.);
#1250=ORIENTED_EDGE('',*,*,#957,.F.);
#1251=ORIENTED_EDGE('',*,*,#958,.F.);
#1252=ORIENTED_EDGE('',*,*,#959,.T.);
#1253=ORIENTED_EDGE('',*,*,#960,.T.);
#1254=ORIENTED_EDGE('',*,*,#961,.F.);
#1255=ORIENTED_EDGE('',*,*,#962,.T.);
#1256=ORIENTED_EDGE('',*,*,#963,.T.);
#1257=ORIENTED_EDGE('',*,*,#964,.T.);
#1258=ORIENTED_EDGE('',*,*,#965,.T.);
#1259=ORIENTED_EDGE('',*,*,#962,.F.);
#1260=ORIENTED_EDGE('',*,*,#966,.F.);
#1261=ORIENTED_EDGE('',*,*,#965,.F.);
#1262=ORIENTED_EDGE('',*,*,#967,.F.);
#1263=ORIENTED_EDGE('',*,*,#968,.T.);
#1264=ORIENTED_EDGE('',*,*,#969,.F.);
#1265=ORIENTED_EDGE('',*,*,#970,.F.);
#1266=ORIENTED_EDGE('',*,*,#963,.F.);
#1267=ORIENTED_EDGE('',*,*,#971,.T.);
#1268=ORIENTED_EDGE('',*,*,#972,.T.);
#1269=ORIENTED_EDGE('',*,*,#973,.T.);
#1270=ORIENTED_EDGE('',*,*,#974,.F.);
#1271=ORIENTED_EDGE('',*,*,#975,.T.);
#1272=ORIENTED_EDGE('',*,*,#976,.F.);
#1273=ORIENTED_EDGE('',*,*,#966,.T.);
#1274=ORIENTED_EDGE('',*,*,#961,.T.);
#1275=ORIENTED_EDGE('',*,*,#977,.F.);
#1276=ORIENTED_EDGE('',*,*,#978,.F.);
#1277=ORIENTED_EDGE('',*,*,#979,.F.);
#1278=ORIENTED_EDGE('',*,*,#980,.F.);
#1279=ORIENTED_EDGE('',*,*,#981,.T.);
#1280=ORIENTED_EDGE('',*,*,#982,.F.);
#1281=ORIENTED_EDGE('',*,*,#900,.T.);
#1282=ORIENTED_EDGE('',*,*,#983,.T.);
#1283=ORIENTED_EDGE('',*,*,#984,.F.);
#1284=ORIENTED_EDGE('',*,*,#985,.T.);
#1285=ORIENTED_EDGE('',*,*,#986,.T.);
#1286=ORIENTED_EDGE('',*,*,#987,.T.);
#1287=ORIENTED_EDGE('',*,*,#988,.F.);
#1288=ORIENTED_EDGE('',*,*,#989,.T.);
#1289=ORIENTED_EDGE('',*,*,#990,.F.);
#1290=ORIENTED_EDGE('',*,*,#987,.F.);
#1291=ORIENTED_EDGE('',*,*,#991,.T.);
#1292=ORIENTED_EDGE('',*,*,#991,.F.);
#1293=ORIENTED_EDGE('',*,*,#986,.F.);
#1294=ORIENTED_EDGE('',*,*,#992,.T.);
#1295=ORIENTED_EDGE('',*,*,#993,.F.);
#1296=ORIENTED_EDGE('',*,*,#994,.F.);
#1297=ORIENTED_EDGE('',*,*,#995,.F.);
#1298=ORIENTED_EDGE('',*,*,#996,.T.);
#1299=ORIENTED_EDGE('',*,*,#997,.F.);
#1300=ORIENTED_EDGE('',*,*,#998,.T.);
#1301=ORIENTED_EDGE('',*,*,#999,.F.);
#1302=ORIENTED_EDGE('',*,*,#1000,.T.);
#1303=ORIENTED_EDGE('',*,*,#1001,.T.);
#1304=ORIENTED_EDGE('',*,*,#880,.F.);
#1305=ORIENTED_EDGE('',*,*,#886,.T.);
#1306=ORIENTED_EDGE('',*,*,#1002,.T.);
#1307=ORIENTED_EDGE('',*,*,#1003,.T.);
#1308=ORIENTED_EDGE('',*,*,#1004,.F.);
#1309=ORIENTED_EDGE('',*,*,#1005,.F.);
#1310=ORIENTED_EDGE('',*,*,#856,.T.);
#1311=ORIENTED_EDGE('',*,*,#1006,.T.);
#1312=ORIENTED_EDGE('',*,*,#1007,.T.);
#1313=ORIENTED_EDGE('',*,*,#1008,.F.);
#1314=ORIENTED_EDGE('',*,*,#884,.T.);
#1315=ORIENTED_EDGE('',*,*,#1009,.F.);
#1316=ORIENTED_EDGE('',*,*,#1010,.T.);
#1317=ORIENTED_EDGE('',*,*,#1011,.T.);
#1318=ORIENTED_EDGE('',*,*,#1012,.T.);
#1319=ORIENTED_EDGE('',*,*,#1013,.F.);
#1320=ORIENTED_EDGE('',*,*,#1014,.T.);
#1321=ORIENTED_EDGE('',*,*,#1015,.T.);
#1322=ORIENTED_EDGE('',*,*,#1016,.F.);
#1323=ORIENTED_EDGE('',*,*,#1017,.T.);
#1324=ORIENTED_EDGE('',*,*,#1018,.T.);
#1325=ORIENTED_EDGE('',*,*,#1019,.T.);
#1326=ORIENTED_EDGE('',*,*,#1020,.F.);
#1327=ORIENTED_EDGE('',*,*,#1021,.T.);
#1328=ORIENTED_EDGE('',*,*,#1022,.F.);
#1329=ORIENTED_EDGE('',*,*,#896,.T.);
#1330=ORIENTED_EDGE('',*,*,#1023,.T.);
#1331=ORIENTED_EDGE('',*,*,#1024,.T.);
#1332=ORIENTED_EDGE('',*,*,#1025,.T.);
#1333=ORIENTED_EDGE('',*,*,#978,.T.);
#1334=ORIENTED_EDGE('',*,*,#1026,.T.);
#1335=ORIENTED_EDGE('',*,*,#1027,.T.);
#1336=ORIENTED_EDGE('',*,*,#1028,.T.);
#1337=ORIENTED_EDGE('',*,*,#1029,.T.);
#1338=ORIENTED_EDGE('',*,*,#1030,.T.);
#1339=ORIENTED_EDGE('',*,*,#980,.T.);
#1340=ORIENTED_EDGE('',*,*,#1031,.T.);
#1341=ORIENTED_EDGE('',*,*,#1032,.T.);
#1342=ORIENTED_EDGE('',*,*,#1033,.T.);
#1343=ORIENTED_EDGE('',*,*,#954,.T.);
#1344=ORIENTED_EDGE('',*,*,#1034,.T.);
#1345=ORIENTED_EDGE('',*,*,#952,.T.);
#1346=ORIENTED_EDGE('',*,*,#1035,.T.);
#1347=ORIENTED_EDGE('',*,*,#1036,.T.);
#1348=ORIENTED_EDGE('',*,*,#1037,.T.);
#1349=ORIENTED_EDGE('',*,*,#1038,.T.);
#1350=ORIENTED_EDGE('',*,*,#1039,.T.);
#1351=ORIENTED_EDGE('',*,*,#1040,.T.);
#1352=ORIENTED_EDGE('',*,*,#1041,.T.);
#1353=ORIENTED_EDGE('',*,*,#1042,.T.);
#1354=ORIENTED_EDGE('',*,*,#1043,.T.);
#1355=ORIENTED_EDGE('',*,*,#901,.T.);
#1356=ORIENTED_EDGE('',*,*,#982,.T.);
#1357=ORIENTED_EDGE('',*,*,#852,.T.);
#1358=ORIENTED_EDGE('',*,*,#887,.F.);
#1359=ORIENTED_EDGE('',*,*,#854,.T.);
#1360=ORIENTED_EDGE('',*,*,#1044,.T.);
#1361=ORIENTED_EDGE('',*,*,#878,.T.);
#1362=ORIENTED_EDGE('',*,*,#1045,.T.);
#1363=ORIENTED_EDGE('',*,*,#1046,.F.);
#1364=ORIENTED_EDGE('',*,*,#1045,.F.);
#1365=ORIENTED_EDGE('',*,*,#1047,.T.);
#1366=ORIENTED_EDGE('',*,*,#1048,.T.);
#1367=ORIENTED_EDGE('',*,*,#1049,.F.);
#1368=ORIENTED_EDGE('',*,*,#1048,.F.);
#1369=ORIENTED_EDGE('',*,*,#1050,.T.);
#1370=ORIENTED_EDGE('',*,*,#950,.T.);
#1371=ORIENTED_EDGE('',*,*,#1051,.T.);
#1372=ORIENTED_EDGE('',*,*,#920,.T.);
#1373=ORIENTED_EDGE('',*,*,#1052,.T.);
#1374=ORIENTED_EDGE('',*,*,#948,.T.);
#1375=ORIENTED_EDGE('',*,*,#1053,.T.);
#1376=ORIENTED_EDGE('',*,*,#922,.T.);
#1377=ORIENTED_EDGE('',*,*,#1054,.T.);
#1378=ORIENTED_EDGE('',*,*,#912,.T.);
#1379=ORIENTED_EDGE('',*,*,#1055,.T.);
#1380=ORIENTED_EDGE('',*,*,#935,.F.);
#1381=ORIENTED_EDGE('',*,*,#959,.F.);
#1382=ORIENTED_EDGE('',*,*,#1056,.T.);
#1383=ORIENTED_EDGE('',*,*,#1057,.T.);
#1384=ORIENTED_EDGE('',*,*,#943,.T.);
#1385=ORIENTED_EDGE('',*,*,#939,.F.);
#1386=ORIENTED_EDGE('',*,*,#1058,.F.);
#1387=ORIENTED_EDGE('',*,*,#927,.F.);
#1388=ORIENTED_EDGE('',*,*,#916,.T.);
#1389=ORIENTED_EDGE('',*,*,#938,.T.);
#1390=ORIENTED_EDGE('',*,*,#1059,.T.);
#1391=ORIENTED_EDGE('',*,*,#925,.T.);
#1392=ORIENTED_EDGE('',*,*,#1058,.T.);
#1393=ORIENTED_EDGE('',*,*,#1060,.T.);
#1394=ORIENTED_EDGE('',*,*,#974,.T.);
#1395=ORIENTED_EDGE('',*,*,#1061,.T.);
#1396=ORIENTED_EDGE('',*,*,#999,.T.);
#1397=ORIENTED_EDGE('',*,*,#1062,.T.);
#1398=ORIENTED_EDGE('',*,*,#976,.T.);
#1399=ORIENTED_EDGE('',*,*,#1063,.T.);
#1400=ORIENTED_EDGE('',*,*,#997,.T.);
#1401=ORIENTED_EDGE('',*,*,#984,.T.);
#1402=ORIENTED_EDGE('',*,*,#1064,.F.);
#1403=ORIENTED_EDGE('',*,*,#1065,.T.);
#1404=ORIENTED_EDGE('',*,*,#989,.F.);
#1405=ORIENTED_EDGE('',*,*,#995,.T.);
#1406=ORIENTED_EDGE('',*,*,#1066,.T.);
#1407=ORIENTED_EDGE('',*,*,#967,.T.);
#1408=ORIENTED_EDGE('',*,*,#964,.F.);
#1409=ORIENTED_EDGE('',*,*,#1067,.T.);
#1410=ORIENTED_EDGE('',*,*,#969,.T.);
#1411=ORIENTED_EDGE('',*,*,#1068,.T.);
#1412=ORIENTED_EDGE('',*,*,#993,.T.);
#1413=ORIENTED_EDGE('',*,*,#1026,.F.);
#1414=ORIENTED_EDGE('',*,*,#977,.T.);
#1415=ORIENTED_EDGE('',*,*,#960,.F.);
#1416=ORIENTED_EDGE('',*,*,#970,.T.);
#1417=ORIENTED_EDGE('',*,*,#1067,.F.);
#1418=ORIENTED_EDGE('',*,*,#992,.F.);
#1419=ORIENTED_EDGE('',*,*,#985,.F.);
#1420=ORIENTED_EDGE('',*,*,#1069,.F.);
#1421=ORIENTED_EDGE('',*,*,#1035,.F.);
#1422=ORIENTED_EDGE('',*,*,#951,.T.);
#1423=ORIENTED_EDGE('',*,*,#928,.F.);
#1424=ORIENTED_EDGE('',*,*,#944,.T.);
#1425=ORIENTED_EDGE('',*,*,#1057,.F.);
#1426=ORIENTED_EDGE('',*,*,#915,.F.);
#1427=ORIENTED_EDGE('',*,*,#905,.F.);
#1428=ORIENTED_EDGE('',*,*,#1070,.F.);
#1429=ORIENTED_EDGE('',*,*,#910,.T.);
#1430=ORIENTED_EDGE('',*,*,#1054,.F.);
#1431=ORIENTED_EDGE('',*,*,#1071,.T.);
#1432=ORIENTED_EDGE('',*,*,#1072,.T.);
#1433=ORIENTED_EDGE('',*,*,#1073,.F.);
#1434=ORIENTED_EDGE('',*,*,#1074,.F.);
#1435=ORIENTED_EDGE('',*,*,#1032,.F.);
#1436=ORIENTED_EDGE('',*,*,#1075,.F.);
#1437=ORIENTED_EDGE('',*,*,#1036,.F.);
#1438=ORIENTED_EDGE('',*,*,#1070,.T.);
#1439=ORIENTED_EDGE('',*,*,#908,.T.);
#1440=ORIENTED_EDGE('',*,*,#861,.T.);
#1441=ORIENTED_EDGE('',*,*,#1076,.F.);
#1442=ORIENTED_EDGE('',*,*,#956,.F.);
#1443=ORIENTED_EDGE('',*,*,#1077,.F.);
#1444=ORIENTED_EDGE('',*,*,#1078,.T.);
#1445=ORIENTED_EDGE('',*,*,#903,.F.);
#1446=ORIENTED_EDGE('',*,*,#870,.T.);
#1447=ORIENTED_EDGE('',*,*,#865,.T.);
#1448=ORIENTED_EDGE('',*,*,#1041,.F.);
#1449=ORIENTED_EDGE('',*,*,#1079,.T.);
#1450=ORIENTED_EDGE('',*,*,#1080,.T.);
#1451=ORIENTED_EDGE('',*,*,#1012,.F.);
#1452=ORIENTED_EDGE('',*,*,#1081,.F.);
#1453=ORIENTED_EDGE('',*,*,#1066,.F.);
#1454=ORIENTED_EDGE('',*,*,#994,.T.);
#1455=ORIENTED_EDGE('',*,*,#1068,.F.);
#1456=ORIENTED_EDGE('',*,*,#968,.F.);
#1457=ORIENTED_EDGE('',*,*,#1082,.F.);
#1458=ORIENTED_EDGE('',*,*,#1001,.F.);
#1459=ORIENTED_EDGE('',*,*,#1083,.T.);
#1460=ORIENTED_EDGE('',*,*,#972,.F.);
#1461=ORIENTED_EDGE('',*,*,#1061,.F.);
#1462=ORIENTED_EDGE('',*,*,#973,.F.);
#1463=ORIENTED_EDGE('',*,*,#1083,.F.);
#1464=ORIENTED_EDGE('',*,*,#1000,.F.);
#1465=ORIENTED_EDGE('',*,*,#1062,.F.);
#1466=ORIENTED_EDGE('',*,*,#996,.F.);
#1467=ORIENTED_EDGE('',*,*,#1082,.T.);
#1468=ORIENTED_EDGE('',*,*,#971,.F.);
#1469=ORIENTED_EDGE('',*,*,#1060,.F.);
#1470=ORIENTED_EDGE('',*,*,#998,.F.);
#1471=ORIENTED_EDGE('',*,*,#1063,.F.);
#1472=ORIENTED_EDGE('',*,*,#975,.F.);
#1473=ORIENTED_EDGE('',*,*,#860,.T.);
#1474=ORIENTED_EDGE('',*,*,#1084,.T.);
#1475=ORIENTED_EDGE('',*,*,#957,.T.);
#1476=ORIENTED_EDGE('',*,*,#1076,.T.);
#1477=ORIENTED_EDGE('',*,*,#1055,.F.);
#1478=ORIENTED_EDGE('',*,*,#914,.F.);
#1479=ORIENTED_EDGE('',*,*,#918,.T.);
#1480=ORIENTED_EDGE('',*,*,#926,.F.);
#1481=ORIENTED_EDGE('',*,*,#1059,.F.);
#1482=ORIENTED_EDGE('',*,*,#941,.F.);
#1483=ORIENTED_EDGE('',*,*,#942,.F.);
#1484=ORIENTED_EDGE('',*,*,#936,.F.);
#1485=ORIENTED_EDGE('',*,*,#1085,.F.);
#1486=ORIENTED_EDGE('',*,*,#924,.F.);
#1487=ORIENTED_EDGE('',*,*,#1086,.T.);
#1488=ORIENTED_EDGE('',*,*,#946,.F.);
#1489=ORIENTED_EDGE('',*,*,#1053,.F.);
#1490=ORIENTED_EDGE('',*,*,#947,.F.);
#1491=ORIENTED_EDGE('',*,*,#1086,.F.);
#1492=ORIENTED_EDGE('',*,*,#923,.F.);
#1493=ORIENTED_EDGE('',*,*,#1051,.F.);
#1494=ORIENTED_EDGE('',*,*,#949,.F.);
#1495=ORIENTED_EDGE('',*,*,#1052,.F.);
#1496=ORIENTED_EDGE('',*,*,#921,.F.);
#1497=ORIENTED_EDGE('',*,*,#1050,.F.);
#1498=ORIENTED_EDGE('',*,*,#919,.F.);
#1499=ORIENTED_EDGE('',*,*,#1085,.T.);
#1500=ORIENTED_EDGE('',*,*,#945,.F.);
#1501=ORIENTED_EDGE('',*,*,#1071,.F.);
#1502=ORIENTED_EDGE('',*,*,#1056,.F.);
#1503=ORIENTED_EDGE('',*,*,#958,.T.);
#1504=ORIENTED_EDGE('',*,*,#1087,.T.);
#1505=ORIENTED_EDGE('',*,*,#1088,.T.);
#1506=ORIENTED_EDGE('',*,*,#1064,.T.);
#1507=ORIENTED_EDGE('',*,*,#983,.F.);
#1508=ORIENTED_EDGE('',*,*,#899,.T.);
#1509=ORIENTED_EDGE('',*,*,#853,.T.);
#1510=ORIENTED_EDGE('',*,*,#1044,.F.);
#1511=ORIENTED_EDGE('',*,*,#1047,.F.);
#1512=ORIENTED_EDGE('',*,*,#859,.T.);
#1513=ORIENTED_EDGE('',*,*,#1089,.F.);
#1514=ORIENTED_EDGE('',*,*,#1079,.F.);
#1515=ORIENTED_EDGE('',*,*,#1040,.F.);
#1516=ORIENTED_EDGE('',*,*,#1090,.F.);
#1517=ORIENTED_EDGE('',*,*,#1087,.F.);
#1518=ORIENTED_EDGE('',*,*,#1084,.F.);
#1519=ORIENTED_EDGE('',*,*,#1023,.F.);
#1520=ORIENTED_EDGE('',*,*,#895,.F.);
#1521=ORIENTED_EDGE('',*,*,#902,.T.);
#1522=ORIENTED_EDGE('',*,*,#1043,.F.);
#1523=ORIENTED_EDGE('',*,*,#1091,.F.);
#1524=ORIENTED_EDGE('',*,*,#1039,.F.);
#1525=ORIENTED_EDGE('',*,*,#1092,.F.);
#1526=ORIENTED_EDGE('',*,*,#1073,.T.);
#1527=ORIENTED_EDGE('',*,*,#1072,.F.);
#1528=ORIENTED_EDGE('',*,*,#1090,.T.);
#1529=ORIENTED_EDGE('',*,*,#1030,.F.);
#1530=ORIENTED_EDGE('',*,*,#1093,.T.);
#1531=ORIENTED_EDGE('',*,*,#1077,.T.);
#1532=ORIENTED_EDGE('',*,*,#955,.T.);
#1533=ORIENTED_EDGE('',*,*,#1033,.F.);
#1534=ORIENTED_EDGE('',*,*,#1074,.T.);
#1535=ORIENTED_EDGE('',*,*,#1092,.T.);
#1536=ORIENTED_EDGE('',*,*,#1038,.F.);
#1537=ORIENTED_EDGE('',*,*,#1081,.T.);
#1538=ORIENTED_EDGE('',*,*,#1011,.F.);
#1539=ORIENTED_EDGE('',*,*,#1094,.F.);
#1540=ORIENTED_EDGE('',*,*,#1014,.F.);
#1541=ORIENTED_EDGE('',*,*,#1095,.F.);
#1542=ORIENTED_EDGE('',*,*,#1018,.F.);
#1543=ORIENTED_EDGE('',*,*,#1096,.F.);
#1544=ORIENTED_EDGE('',*,*,#1024,.F.);
#1545=ORIENTED_EDGE('',*,*,#1091,.T.);
#1546=ORIENTED_EDGE('',*,*,#1042,.F.);
#1547=ORIENTED_EDGE('',*,*,#981,.F.);
#1548=ORIENTED_EDGE('',*,*,#1046,.T.);
#1549=ORIENTED_EDGE('',*,*,#1049,.T.);
#1550=ORIENTED_EDGE('',*,*,#1034,.F.);
#1551=ORIENTED_EDGE('',*,*,#953,.T.);
#1552=ORIENTED_EDGE('',*,*,#1037,.F.);
#1553=ORIENTED_EDGE('',*,*,#1075,.T.);
#1554=ORIENTED_EDGE('',*,*,#990,.T.);
#1555=ORIENTED_EDGE('',*,*,#1065,.F.);
#1556=ORIENTED_EDGE('',*,*,#1088,.F.);
#1557=ORIENTED_EDGE('',*,*,#904,.F.);
#1558=ORIENTED_EDGE('',*,*,#1078,.F.);
#1559=ORIENTED_EDGE('',*,*,#1093,.F.);
#1560=ORIENTED_EDGE('',*,*,#1029,.F.);
#1561=ORIENTED_EDGE('',*,*,#1097,.F.);
#1562=ORIENTED_EDGE('',*,*,#1027,.F.);
#1563=ORIENTED_EDGE('',*,*,#1069,.T.);
#1564=ORIENTED_EDGE('',*,*,#988,.T.);
#1565=ORIENTED_EDGE('',*,*,#1028,.F.);
#1566=ORIENTED_EDGE('',*,*,#1097,.T.);
#1567=ORIENTED_EDGE('',*,*,#1031,.F.);
#1568=ORIENTED_EDGE('',*,*,#979,.T.);
#1569=ORIENTED_EDGE('',*,*,#890,.F.);
#1570=ORIENTED_EDGE('',*,*,#1025,.F.);
#1571=ORIENTED_EDGE('',*,*,#1096,.T.);
#1572=ORIENTED_EDGE('',*,*,#1021,.F.);
#1573=ORIENTED_EDGE('',*,*,#1007,.F.);
#1574=ORIENTED_EDGE('',*,*,#1019,.F.);
#1575=ORIENTED_EDGE('',*,*,#1095,.T.);
#1576=ORIENTED_EDGE('',*,*,#1017,.F.);
#1577=ORIENTED_EDGE('',*,*,#1003,.F.);
#1578=ORIENTED_EDGE('',*,*,#1015,.F.);
#1579=ORIENTED_EDGE('',*,*,#1094,.T.);
#1580=ORIENTED_EDGE('',*,*,#1010,.F.);
#1581=ORIENTED_EDGE('',*,*,#891,.T.);
#1582=ORIENTED_EDGE('',*,*,#1020,.T.);
#1583=ORIENTED_EDGE('',*,*,#1006,.F.);
#1584=ORIENTED_EDGE('',*,*,#883,.T.);
#1585=ORIENTED_EDGE('',*,*,#1008,.T.);
#1586=ORIENTED_EDGE('',*,*,#1016,.T.);
#1587=ORIENTED_EDGE('',*,*,#1002,.F.);
#1588=ORIENTED_EDGE('',*,*,#885,.T.);
#1589=ORIENTED_EDGE('',*,*,#1098,.F.);
#1590=ORIENTED_EDGE('',*,*,#1004,.T.);
#1591=ORIENTED_EDGE('',*,*,#1009,.T.);
#1592=ORIENTED_EDGE('',*,*,#1099,.F.);
#1593=ORIENTED_EDGE('',*,*,#893,.F.);
#1594=ORIENTED_EDGE('',*,*,#897,.T.);
#1595=ORIENTED_EDGE('',*,*,#1022,.T.);
#1596=ORIENTED_EDGE('',*,*,#889,.F.);
#1597=ORIENTED_EDGE('',*,*,#857,.T.);
#1598=ORIENTED_EDGE('',*,*,#1005,.T.);
#1599=ORIENTED_EDGE('',*,*,#1098,.T.);
#1600=ORIENTED_EDGE('',*,*,#1100,.F.);
#1601=ORIENTED_EDGE('',*,*,#858,.T.);
#1602=ORIENTED_EDGE('',*,*,#1100,.T.);
#1603=ORIENTED_EDGE('',*,*,#1099,.T.);
#1604=ORIENTED_EDGE('',*,*,#1013,.T.);
#1605=ORIENTED_EDGE('',*,*,#1080,.F.);
#1606=ORIENTED_EDGE('',*,*,#1089,.T.);
#1607=PLANE('',#1763);
#1608=PLANE('',#1764);
#1609=PLANE('',#1765);
#1610=PLANE('',#1768);
#1611=PLANE('',#1769);
#1612=PLANE('',#1772);
#1613=PLANE('',#1773);
#1614=PLANE('',#1778);
#1615=PLANE('',#1790);
#1616=PLANE('',#1792);
#1617=PLANE('',#1793);
#1618=PLANE('',#1794);
#1619=PLANE('',#1798);
#1620=PLANE('',#1806);
#1621=PLANE('',#1807);
#1622=PLANE('',#1814);
#1623=PLANE('',#1819);
#1624=PLANE('',#1823);
#1625=PLANE('',#1824);
#1626=PLANE('',#1825);
#1627=PLANE('',#1831);
#1628=PLANE('',#1835);
#1629=PLANE('',#1836);
#1630=PLANE('',#1837);
#1631=PLANE('',#1893);
#1632=PLANE('',#1894);
#1633=PLANE('',#1895);
#1634=PLANE('',#1896);
#1635=PLANE('',#1897);
#1636=PLANE('',#1899);
#1637=PLANE('',#1901);
#1638=PLANE('',#1902);
#1639=PLANE('',#1903);
#1640=PLANE('',#1904);
#1641=PLANE('',#1905);
#1642=PLANE('',#1907);
#1643=PLANE('',#1908);
#1644=PLANE('',#1909);
#1645=PLANE('',#1910);
#1646=PLANE('',#1911);
#1647=PLANE('',#1912);
#1648=PLANE('',#1913);
#1649=PLANE('',#1914);
#1650=PLANE('',#1915);
#1651=PLANE('',#1916);
#1652=PLANE('',#1917);
#1653=PLANE('',#1918);
#1654=PLANE('',#1919);
#1655=PLANE('',#1920);
#1656=PLANE('',#1921);
#1657=PLANE('',#1922);
#1658=ADVANCED_FACE('',(#146),#1607,.F.);
#1659=ADVANCED_FACE('',(#147),#1608,.F.);
#1660=ADVANCED_FACE('',(#148),#1609,.F.);
#1661=ADVANCED_FACE('',(#149),#1610,.F.);
#1662=ADVANCED_FACE('',(#150),#1611,.F.);
#1663=ADVANCED_FACE('',(#151),#1612,.F.);
#1664=ADVANCED_FACE('',(#152,#67),#1613,.T.);
#1665=ADVANCED_FACE('',(#153),#31,.F.);
#1666=ADVANCED_FACE('',(#154,#68,#69),#1614,.T.);
#1667=ADVANCED_FACE('',(#155),#32,.T.);
#1668=ADVANCED_FACE('',(#156),#33,.T.);
#1669=ADVANCED_FACE('',(#157),#34,.F.);
#1670=ADVANCED_FACE('',(#158),#1615,.F.);
#1671=ADVANCED_FACE('',(#159),#1616,.T.);
#1672=ADVANCED_FACE('',(#160),#1617,.F.);
#1673=ADVANCED_FACE('',(#161),#1618,.F.);
#1674=ADVANCED_FACE('',(#162),#35,.F.);
#1675=ADVANCED_FACE('',(#163,#70),#1619,.T.);
#1676=ADVANCED_FACE('',(#164),#36,.T.);
#1677=ADVANCED_FACE('',(#165),#1620,.F.);
#1678=ADVANCED_FACE('',(#166),#1621,.F.);
#1679=ADVANCED_FACE('',(#167),#37,.F.);
#1680=ADVANCED_FACE('',(#168),#38,.T.);
#1681=ADVANCED_FACE('',(#169,#71),#1622,.T.);
#1682=ADVANCED_FACE('',(#170),#1623,.T.);
#1683=ADVANCED_FACE('',(#171),#1624,.F.);
#1684=ADVANCED_FACE('',(#172),#1625,.F.);
#1685=ADVANCED_FACE('',(#173,#72),#1626,.T.);
#1686=ADVANCED_FACE('',(#174),#1627,.T.);
#1687=ADVANCED_FACE('',(#175),#1628,.F.);
#1688=ADVANCED_FACE('',(#176),#1629,.F.);
#1689=ADVANCED_FACE('',(#177,#73),#1630,.T.);
#1690=ADVANCED_FACE('',(#178),#39,.T.);
#1691=ADVANCED_FACE('',(#179),#40,.T.);
#1692=ADVANCED_FACE('',(#180),#41,.F.);
#1693=ADVANCED_FACE('',(#181),#42,.T.);
#1694=ADVANCED_FACE('',(#182),#43,.T.);
#1695=ADVANCED_FACE('',(#183),#44,.F.);
#1696=ADVANCED_FACE('',(#184),#45,.T.);
#1697=ADVANCED_FACE('',(#185),#46,.T.);
#1698=ADVANCED_FACE('',(#186),#47,.T.);
#1699=ADVANCED_FACE('',(#187),#48,.T.);
#1700=ADVANCED_FACE('',(#188),#49,.T.);
#1701=ADVANCED_FACE('',(#189),#50,.T.);
#1702=ADVANCED_FACE('',(#190),#51,.F.);
#1703=ADVANCED_FACE('',(#191),#52,.F.);
#1704=ADVANCED_FACE('',(#192),#53,.F.);
#1705=ADVANCED_FACE('',(#193),#54,.F.);
#1706=ADVANCED_FACE('',(#194),#55,.F.);
#1707=ADVANCED_FACE('',(#195),#56,.F.);
#1708=ADVANCED_FACE('',(#196),#57,.T.);
#1709=ADVANCED_FACE('',(#197),#58,.T.);
#1710=ADVANCED_FACE('',(#198),#59,.F.);
#1711=ADVANCED_FACE('',(#199),#60,.F.);
#1712=ADVANCED_FACE('',(#200),#61,.F.);
#1713=ADVANCED_FACE('',(#201),#62,.T.);
#1714=ADVANCED_FACE('',(#202),#1631,.T.);
#1715=ADVANCED_FACE('',(#203),#1632,.T.);
#1716=ADVANCED_FACE('',(#204),#1633,.T.);
#1717=ADVANCED_FACE('',(#205),#1634,.T.);
#1718=ADVANCED_FACE('',(#206),#1635,.T.);
#1719=ADVANCED_FACE('',(#207),#1636,.T.);
#1720=ADVANCED_FACE('',(#208),#63,.F.);
#1721=ADVANCED_FACE('',(#209),#1637,.F.);
#1722=ADVANCED_FACE('',(#210),#1638,.F.);
#1723=ADVANCED_FACE('',(#211),#1639,.F.);
#1724=ADVANCED_FACE('',(#212),#1640,.T.);
#1725=ADVANCED_FACE('',(#213),#1641,.T.);
#1726=ADVANCED_FACE('',(#214),#64,.F.);
#1727=ADVANCED_FACE('',(#215),#1642,.F.);
#1728=ADVANCED_FACE('',(#216),#1643,.F.);
#1729=ADVANCED_FACE('',(#217),#1644,.F.);
#1730=ADVANCED_FACE('',(#218),#1645,.F.);
#1731=ADVANCED_FACE('',(#219),#1646,.F.);
#1732=ADVANCED_FACE('',(#220,#74),#1647,.T.);
#1733=ADVANCED_FACE('',(#221),#1648,.F.);
#1734=ADVANCED_FACE('',(#222),#1649,.T.);
#1735=ADVANCED_FACE('',(#223),#1650,.T.);
#1736=ADVANCED_FACE('',(#224,#75,#76),#1651,.F.);
#1737=ADVANCED_FACE('',(#225),#1652,.T.);
#1738=ADVANCED_FACE('',(#226),#1653,.T.);
#1739=ADVANCED_FACE('',(#227),#1654,.T.);
#1740=ADVANCED_FACE('',(#228),#1655,.T.);
#1741=ADVANCED_FACE('',(#229),#1656,.T.);
#1742=ADVANCED_FACE('',(#230),#1657,.T.);
#1743=ADVANCED_FACE('',(#231),#17,.F.);
#1744=ADVANCED_FACE('',(#232),#18,.F.);
#1745=ADVANCED_FACE('',(#233),#15,.T.);
#1746=ADVANCED_FACE('',(#234),#16,.T.);
#1747=ADVANCED_FACE('',(#235),#65,.T.);
#1748=ADVANCED_FACE('',(#236),#66,.F.);
#1749=CLOSED_SHELL('',(#1658,#1659,#1660,#1661,#1662,#1663,#1664,#1665,
#1666,#1667,#1668,#1669,#1670,#1671,#1672,#1673,#1674,#1675,#1676,#1677,
#1678,#1679,#1680,#1681,#1682,#1683,#1684,#1685,#1686,#1687,#1688,#1689,
#1690,#1691,#1692,#1693,#1694,#1695,#1696,#1697,#1698,#1699,#1700,#1701,
#1702,#1703,#1704,#1705,#1706,#1707,#1708,#1709,#1710,#1711,#1712,#1713,
#1714,#1715,#1716,#1717,#1718,#1719,#1720,#1721,#1722,#1723,#1724,#1725,
#1726,#1727,#1728,#1729,#1730,#1731,#1732,#1733,#1734,#1735,#1736,#1737,
#1738,#1739,#1740,#1741,#1742,#1743,#1744,#1745,#1746,#1747,#1748));
#1750=DERIVED_UNIT_ELEMENT(#1752,1.);
#1751=DERIVED_UNIT_ELEMENT(#2999,-3.);
#1752=(
MASS_UNIT()
NAMED_UNIT(*)
SI_UNIT(.KILO.,.GRAM.)
);
#1753=DERIVED_UNIT((#1750,#1751));
#1754=MEASURE_REPRESENTATION_ITEM('density measure',
POSITIVE_RATIO_MEASURE(7850.),#1753);
#1755=PROPERTY_DEFINITION_REPRESENTATION(#1760,#1757);
#1756=PROPERTY_DEFINITION_REPRESENTATION(#1761,#1758);
#1757=REPRESENTATION('material name',(#1759),#2994);
#1758=REPRESENTATION('density',(#1754),#2994);
#1759=DESCRIPTIVE_REPRESENTATION_ITEM('Steel','Steel');
#1760=PROPERTY_DEFINITION('material property','material name',#3007);
#1761=PROPERTY_DEFINITION('material property','density of part',#3007);
#1762=AXIS2_PLACEMENT_3D('',#2429,#1927,#1928);
#1763=AXIS2_PLACEMENT_3D('',#2430,#1929,#1930);
#1764=AXIS2_PLACEMENT_3D('',#2439,#1935,#1936);
#1765=AXIS2_PLACEMENT_3D('',#2448,#1941,#1942);
#1766=AXIS2_PLACEMENT_3D('',#2453,#1944,#1945);
#1767=AXIS2_PLACEMENT_3D('',#2455,#1946,#1947);
#1768=AXIS2_PLACEMENT_3D('',#2467,#1954,#1955);
#1769=AXIS2_PLACEMENT_3D('',#2473,#1959,#1960);
#1770=AXIS2_PLACEMENT_3D('',#2485,#1966,#1967);
#1771=AXIS2_PLACEMENT_3D('',#2487,#1968,#1969);
#1772=AXIS2_PLACEMENT_3D('',#2489,#1971,#1972);
#1773=AXIS2_PLACEMENT_3D('',#2491,#1974,#1975);
#1774=AXIS2_PLACEMENT_3D('',#2492,#1976,#1977);
#1775=AXIS2_PLACEMENT_3D('',#2494,#1978,#1979);
#1776=AXIS2_PLACEMENT_3D('',#2495,#1980,#1981);
#1777=AXIS2_PLACEMENT_3D('',#2496,#1982,#1983);
#1778=AXIS2_PLACEMENT_3D('',#2497,#1984,#1985);
#1779=AXIS2_PLACEMENT_3D('',#2501,#1987,#1988);
#1780=AXIS2_PLACEMENT_3D('',#2505,#1990,#1991);
#1781=AXIS2_PLACEMENT_3D('',#2509,#1993,#1994);
#1782=AXIS2_PLACEMENT_3D('',#2511,#1996,#1997);
#1783=AXIS2_PLACEMENT_3D('',#2512,#1998,#1999);
#1784=AXIS2_PLACEMENT_3D('',#2514,#2000,#2001);
#1785=AXIS2_PLACEMENT_3D('',#2516,#2002,#2003);
#1786=AXIS2_PLACEMENT_3D('',#2519,#2005,#2006);
#1787=AXIS2_PLACEMENT_3D('',#2520,#2007,#2008);
#1788=AXIS2_PLACEMENT_3D('',#2531,#2010,#2011);
#1789=AXIS2_PLACEMENT_3D('',#2535,#2013,#2014);
#1790=AXIS2_PLACEMENT_3D('',#2549,#2015,#2016);
#1791=AXIS2_PLACEMENT_3D('',#2557,#2020,#2021);
#1792=AXIS2_PLACEMENT_3D('',#2559,#2023,#2024);
#1793=AXIS2_PLACEMENT_3D('',#2563,#2027,#2028);
#1794=AXIS2_PLACEMENT_3D('',#2572,#2033,#2034);
#1795=AXIS2_PLACEMENT_3D('',#2578,#2038,#2039);
#1796=AXIS2_PLACEMENT_3D('',#2580,#2040,#2041);
#1797=AXIS2_PLACEMENT_3D('',#2582,#2042,#2043);
#1798=AXIS2_PLACEMENT_3D('',#2584,#2045,#2046);
#1799=AXIS2_PLACEMENT_3D('',#2588,#2048,#2049);
#1800=AXIS2_PLACEMENT_3D('',#2590,#2050,#2051);
#1801=AXIS2_PLACEMENT_3D('',#2596,#2054,#2055);
#1802=AXIS2_PLACEMENT_3D('',#2600,#2057,#2058);
#1803=AXIS2_PLACEMENT_3D('',#2603,#2060,#2061);
#1804=AXIS2_PLACEMENT_3D('',#2604,#2062,#2063);
#1805=AXIS2_PLACEMENT_3D('',#2607,#2064,#2065);
#1806=AXIS2_PLACEMENT_3D('',#2610,#2068,#2069);
#1807=AXIS2_PLACEMENT_3D('',#2619,#2074,#2075);
#1808=AXIS2_PLACEMENT_3D('',#2625,#2079,#2080);
#1809=AXIS2_PLACEMENT_3D('',#2627,#2081,#2082);
#1810=AXIS2_PLACEMENT_3D('',#2630,#2084,#2085);
#1811=AXIS2_PLACEMENT_3D('',#2631,#2086,#2087);
#1812=AXIS2_PLACEMENT_3D('',#2634,#2088,#2089);
#1813=AXIS2_PLACEMENT_3D('',#2638,#2091,#2092);
#1814=AXIS2_PLACEMENT_3D('',#2640,#2094,#2095);
#1815=AXIS2_PLACEMENT_3D('',#2643,#2097,#2098);
#1816=AXIS2_PLACEMENT_3D('',#2649,#2101,#2102);
#1817=AXIS2_PLACEMENT_3D('',#2653,#2104,#2105);
#1818=AXIS2_PLACEMENT_3D('',#2656,#2107,#2108);
#1819=AXIS2_PLACEMENT_3D('',#2657,#2109,#2110);
#1820=AXIS2_PLACEMENT_3D('',#2661,#2112,#2113);
#1821=AXIS2_PLACEMENT_3D('',#2665,#2115,#2116);
#1822=AXIS2_PLACEMENT_3D('',#2674,#2121,#2122);
#1823=AXIS2_PLACEMENT_3D('',#2675,#2123,#2124);
#1824=AXIS2_PLACEMENT_3D('',#2684,#2129,#2130);
#1825=AXIS2_PLACEMENT_3D('',#2690,#2134,#2135);
#1826=AXIS2_PLACEMENT_3D('',#2692,#2136,#2137);
#1827=AXIS2_PLACEMENT_3D('',#2696,#2139,#2140);
#1828=AXIS2_PLACEMENT_3D('',#2702,#2143,#2144);
#1829=AXIS2_PLACEMENT_3D('',#2706,#2146,#2147);
#1830=AXIS2_PLACEMENT_3D('',#2709,#2149,#2150);
#1831=AXIS2_PLACEMENT_3D('',#2710,#2151,#2152);
#1832=AXIS2_PLACEMENT_3D('',#2714,#2154,#2155);
#1833=AXIS2_PLACEMENT_3D('',#2718,#2157,#2158);
#1834=AXIS2_PLACEMENT_3D('',#2724,#2162,#2163);
#1835=AXIS2_PLACEMENT_3D('',#2725,#2164,#2165);
#1836=AXIS2_PLACEMENT_3D('',#2734,#2170,#2171);
#1837=AXIS2_PLACEMENT_3D('',#2740,#2175,#2176);
#1838=AXIS2_PLACEMENT_3D('',#2744,#2178,#2179);
#1839=AXIS2_PLACEMENT_3D('',#2747,#2181,#2182);
#1840=AXIS2_PLACEMENT_3D('',#2752,#2184,#2185);
#1841=AXIS2_PLACEMENT_3D('',#2756,#2187,#2188);
#1842=AXIS2_PLACEMENT_3D('',#2759,#2190,#2191);
#1843=AXIS2_PLACEMENT_3D('',#2760,#2192,#2193);
#1844=AXIS2_PLACEMENT_3D('',#2762,#2194,#2195);
#1845=AXIS2_PLACEMENT_3D('',#2766,#2197,#2198);
#1846=AXIS2_PLACEMENT_3D('',#2767,#2199,#2200);
#1847=AXIS2_PLACEMENT_3D('',#2768,#2201,#2202);
#1848=AXIS2_PLACEMENT_3D('',#2770,#2203,#2204);
#1849=AXIS2_PLACEMENT_3D('',#2773,#2206,#2207);
#1850=AXIS2_PLACEMENT_3D('',#2774,#2208,#2209);
#1851=AXIS2_PLACEMENT_3D('',#2776,#2210,#2211);
#1852=AXIS2_PLACEMENT_3D('',#2780,#2213,#2214);
#1853=AXIS2_PLACEMENT_3D('',#2791,#2216,#2217);
#1854=AXIS2_PLACEMENT_3D('',#2794,#2218,#2219);
#1855=AXIS2_PLACEMENT_3D('',#2796,#2221,#2222);
#1856=AXIS2_PLACEMENT_3D('',#2798,#2224,#2225);
#1857=AXIS2_PLACEMENT_3D('',#2801,#2226,#2227);
#1858=AXIS2_PLACEMENT_3D('',#2803,#2229,#2230);
#1859=AXIS2_PLACEMENT_3D('',#2805,#2232,#2233);
#1860=AXIS2_PLACEMENT_3D('',#2806,#2234,#2235);
#1861=AXIS2_PLACEMENT_3D('',#2810,#2237,#2238);
#1862=AXIS2_PLACEMENT_3D('',#2812,#2240,#2241);
#1863=AXIS2_PLACEMENT_3D('',#2816,#2243,#2244);
#1864=AXIS2_PLACEMENT_3D('',#2818,#2246,#2247);
#1865=AXIS2_PLACEMENT_3D('',#2821,#2248,#2249);
#1866=AXIS2_PLACEMENT_3D('',#2824,#2252,#2253);
#1867=AXIS2_PLACEMENT_3D('',#2827,#2254,#2255);
#1868=AXIS2_PLACEMENT_3D('',#2830,#2258,#2259);
#1869=AXIS2_PLACEMENT_3D('',#2834,#2261,#2262);
#1870=AXIS2_PLACEMENT_3D('',#2836,#2264,#2265);
#1871=AXIS2_PLACEMENT_3D('',#2839,#2266,#2267);
#1872=AXIS2_PLACEMENT_3D('',#2843,#2269,#2270);
#1873=AXIS2_PLACEMENT_3D('',#2845,#2272,#2273);
#1874=AXIS2_PLACEMENT_3D('',#2847,#2274,#2275);
#1875=AXIS2_PLACEMENT_3D('',#2849,#2277,#2278);
#1876=AXIS2_PLACEMENT_3D('',#2850,#2279,#2280);
#1877=AXIS2_PLACEMENT_3D('',#2851,#2281,#2282);
#1878=AXIS2_PLACEMENT_3D('',#2854,#2284,#2285);
#1879=AXIS2_PLACEMENT_3D('',#2855,#2286,#2287);
#1880=AXIS2_PLACEMENT_3D('',#2857,#2288,#2289);
#1881=AXIS2_PLACEMENT_3D('',#2860,#2291,#2292);
#1882=AXIS2_PLACEMENT_3D('',#2861,#2293,#2294);
#1883=AXIS2_PLACEMENT_3D('',#2864,#2297,#2298);
#1884=AXIS2_PLACEMENT_3D('',#2867,#2301,#2302);
#1885=AXIS2_PLACEMENT_3D('',#2869,#2303,#2304);
#1886=AXIS2_PLACEMENT_3D('',#2872,#2307,#2308);
#1887=AXIS2_PLACEMENT_3D('',#2875,#2311,#2312);
#1888=AXIS2_PLACEMENT_3D('',#2877,#2314,#2315);
#1889=AXIS2_PLACEMENT_3D('',#2880,#2318,#2319);
#1890=AXIS2_PLACEMENT_3D('',#2883,#2322,#2323);
#1891=AXIS2_PLACEMENT_3D('',#2886,#2325,#2326);
#1892=AXIS2_PLACEMENT_3D('',#2888,#2328,#2329);
#1893=AXIS2_PLACEMENT_3D('',#2891,#2332,#2333);
#1894=AXIS2_PLACEMENT_3D('',#2893,#2335,#2336);
#1895=AXIS2_PLACEMENT_3D('',#2895,#2338,#2339);
#1896=AXIS2_PLACEMENT_3D('',#2904,#2345,#2346);
#1897=AXIS2_PLACEMENT_3D('',#2909,#2350,#2351);
#1898=AXIS2_PLACEMENT_3D('',#2912,#2353,#2354);
#1899=AXIS2_PLACEMENT_3D('',#2914,#2356,#2357);
#1900=AXIS2_PLACEMENT_3D('',#2915,#2358,#2359);
#1901=AXIS2_PLACEMENT_3D('',#2918,#2362,#2363);
#1902=AXIS2_PLACEMENT_3D('',#2919,#2364,#2365);
#1903=AXIS2_PLACEMENT_3D('',#2920,#2366,#2367);
#1904=AXIS2_PLACEMENT_3D('',#2921,#2368,#2369);
#1905=AXIS2_PLACEMENT_3D('',#2923,#2371,#2372);
#1906=AXIS2_PLACEMENT_3D('',#2924,#2373,#2374);
#1907=AXIS2_PLACEMENT_3D('',#2927,#2377,#2378);
#1908=AXIS2_PLACEMENT_3D('',#2928,#2379,#2380);
#1909=AXIS2_PLACEMENT_3D('',#2929,#2381,#2382);
#1910=AXIS2_PLACEMENT_3D('',#2930,#2383,#2384);
#1911=AXIS2_PLACEMENT_3D('',#2932,#2386,#2387);
#1912=AXIS2_PLACEMENT_3D('',#2934,#2389,#2390);
#1913=AXIS2_PLACEMENT_3D('',#2935,#2391,#2392);
#1914=AXIS2_PLACEMENT_3D('',#2938,#2395,#2396);
#1915=AXIS2_PLACEMENT_3D('',#2940,#2398,#2399);
#1916=AXIS2_PLACEMENT_3D('',#2942,#2401,#2402);
#1917=AXIS2_PLACEMENT_3D('',#2947,#2407,#2408);
#1918=AXIS2_PLACEMENT_3D('',#2948,#2409,#2410);
#1919=AXIS2_PLACEMENT_3D('',#2950,#2412,#2413);
#1920=AXIS2_PLACEMENT_3D('',#2951,#2414,#2415);
#1921=AXIS2_PLACEMENT_3D('',#2952,#2416,#2417);
#1922=AXIS2_PLACEMENT_3D('',#2953,#2418,#2419);
#1923=AXIS2_PLACEMENT_3D('',#2972,#2420,#2421);
#1924=AXIS2_PLACEMENT_3D('',#2988,#2422,#2423);
#1925=AXIS2_PLACEMENT_3D('',#2989,#2424,#2425);
#1926=AXIS2_PLACEMENT_3D('',#2991,#2427,#2428);
#1927=DIRECTION('axis',(0.,0.,1.));
#1928=DIRECTION('refdir',(1.,0.,0.));
#1929=DIRECTION('center_axis',(0.,1.,0.));
#1930=DIRECTION('ref_axis',(0.,0.,1.));
#1931=DIRECTION('',(0.,0.,-1.));
#1932=DIRECTION('',(1.,0.,0.));
#1933=DIRECTION('',(0.,0.,1.));
#1934=DIRECTION('',(-1.,0.,0.));
#1935=DIRECTION('center_axis',(0.,1.,0.));
#1936=DIRECTION('ref_axis',(0.,0.,1.));
#1937=DIRECTION('',(0.,0.,1.));
#1938=DIRECTION('',(-1.,0.,0.));
#1939=DIRECTION('',(0.,0.,-1.));
#1940=DIRECTION('',(1.,0.,0.));
#1941=DIRECTION('center_axis',(-1.,0.,0.));
#1942=DIRECTION('ref_axis',(0.,0.,1.));
#1943=DIRECTION('',(8.88178419700124E-16,-1.,-8.88178419700125E-16));
#1944=DIRECTION('center_axis',(1.,0.,0.));
#1945=DIRECTION('ref_axis',(2.46519032881566E-32,0.6,0.8));
#1946=DIRECTION('center_axis',(-1.,0.,0.));
#1947=DIRECTION('ref_axis',(4.44089209850063E-16,-0.736608275653345,-0.676319634669145));
#1948=DIRECTION('',(0.,-0.984462177312679,-0.17559675805885));
#1949=DIRECTION('',(0.,-1.,0.));
#1950=DIRECTION('',(0.,0.,1.));
#1951=DIRECTION('',(0.,-1.,0.));
#1952=DIRECTION('',(0.,0.,-1.));
#1953=DIRECTION('',(0.,1.,0.));
#1954=DIRECTION('center_axis',(0.,0.,1.));
#1955=DIRECTION('ref_axis',(1.,0.,0.));
#1956=DIRECTION('',(1.,0.,0.));
#1957=DIRECTION('',(0.,1.,0.));
#1958=DIRECTION('',(1.,0.,0.));
#1959=DIRECTION('center_axis',(1.,0.,0.));
#1960=DIRECTION('ref_axis',(0.,0.,-1.));
#1961=DIRECTION('',(0.,-1.,0.));
#1962=DIRECTION('',(0.,0.,-1.));
#1963=DIRECTION('',(0.,0.,-1.));
#1964=DIRECTION('',(0.,1.,0.));
#1965=DIRECTION('',(0.,0.984462177312679,0.17559675805885));
#1966=DIRECTION('center_axis',(1.,0.,0.));
#1967=DIRECTION('ref_axis',(4.44089209850063E-16,-0.736608275653345,-0.676319634669145));
#1968=DIRECTION('center_axis',(-1.,0.,0.));
#1969=DIRECTION('ref_axis',(2.46519032881566E-32,0.6,0.8));
#1970=DIRECTION('',(3.33066907387547E-16,1.,3.33066907387547E-16));
#1971=DIRECTION('center_axis',(0.,-1.,0.));
#1972=DIRECTION('ref_axis',(0.,0.,-1.));
#1973=DIRECTION('',(-1.,0.,0.));
#1974=DIRECTION('center_axis',(0.,0.,1.));
#1975=DIRECTION('ref_axis',(1.,0.,0.));
#1976=DIRECTION('center_axis',(0.,0.,-1.));
#1977=DIRECTION('ref_axis',(-1.,0.,0.));
#1978=DIRECTION('center_axis',(0.,0.,1.));
#1979=DIRECTION('ref_axis',(-1.,0.,0.));
#1980=DIRECTION('center_axis',(0.,0.,-1.));
#1981=DIRECTION('ref_axis',(1.83697019872103E-16,-1.,0.));
#1982=DIRECTION('center_axis',(0.,0.,-1.));
#1983=DIRECTION('ref_axis',(-1.,0.,0.));
#1984=DIRECTION('center_axis',(0.,0.,1.));
#1985=DIRECTION('ref_axis',(1.,0.,0.));
#1986=DIRECTION('',(1.,0.,0.));
#1987=DIRECTION('center_axis',(0.,-1.,0.));
#1988=DIRECTION('ref_axis',(-0.707106781186547,4.93038065763133E-32,0.707106781186548));
#1989=DIRECTION('',(6.66133814775094E-16,1.,0.));
#1990=DIRECTION('center_axis',(0.,0.,-1.));
#1991=DIRECTION('ref_axis',(-0.707106781186548,-0.707106781186547,0.));
#1992=DIRECTION('',(-1.,7.105427357601E-16,0.));
#1993=DIRECTION('center_axis',(0.,0.,-1.));
#1994=DIRECTION('ref_axis',(0.70710678118655,-0.707106781186545,0.));
#1995=DIRECTION('',(1.77635683940025E-15,-1.,0.));
#1996=DIRECTION('center_axis',(0.,0.,-1.));
#1997=DIRECTION('ref_axis',(-1.,0.,0.));
#1998=DIRECTION('center_axis',(-3.33066907387548E-16,-1.,-3.33066907387547E-16));
#1999=DIRECTION('ref_axis',(-0.707106781186547,4.93038065763133E-32,0.707106781186548));
#2000=DIRECTION('center_axis',(0.87701501318888,0.480389014068012,0.00842981637236656));
#2001=DIRECTION('ref_axis',(0.480424791834515,-0.877031516730885,-0.00278173533728935));
#2002=DIRECTION('center_axis',(0.,-1.,0.));
#2003=DIRECTION('ref_axis',(0.,0.,1.));
#2004=DIRECTION('',(-6.66133814775094E-16,-1.,0.));
#2005=DIRECTION('center_axis',(0.,-1.,0.));
#2006=DIRECTION('ref_axis',(0.,0.,1.));
#2007=DIRECTION('center_axis',(1.,2.27373675443232E-16,-1.70530256582424E-16));
#2008=DIRECTION('ref_axis',(2.46519032881566E-32,0.6,0.8));
#2009=DIRECTION('',(1.,3.5527136788005E-16,0.));
#2010=DIRECTION('center_axis',(1.,4.62918843848864E-16,1.52441764559367E-16));
#2011=DIRECTION('ref_axis',(4.44089209850063E-16,-0.736608275653345,-0.676319634669145));
#2012=DIRECTION('',(-1.,-3.47055480858464E-16,-4.60613858435534E-17));
#2013=DIRECTION('center_axis',(-0.707106781186537,-0.707106781186558,-8.25408844992353E-14));
#2014=DIRECTION('ref_axis',(0.707106781186558,-0.707106781186537,-8.04075267737481E-15));
#2015=DIRECTION('center_axis',(-1.55961251077174E-17,0.17559675805885,-0.98446217731268));
#2016=DIRECTION('ref_axis',(-1.,-3.85185988877447E-34,1.58422796397223E-17));
#2017=DIRECTION('',(1.,8.88178419700125E-17,0.));
#2018=DIRECTION('',(1.,8.88178419700125E-17,0.));
#2019=DIRECTION('',(-9.6212374658904E-17,0.984462177312679,0.17559675805885));
#2020=DIRECTION('center_axis',(0.,0.17559675805885,-0.98446217731268));
#2021=DIRECTION('ref_axis',(6.98242238694138E-12,0.984462177312679,0.17559675805885));
#2022=DIRECTION('',(-0.701548815174431,0.701548815174429,0.125134007586693));
#2023=DIRECTION('center_axis',(0.,0.,1.));
#2024=DIRECTION('ref_axis',(1.,0.,0.));
#2025=DIRECTION('',(-1.,0.,0.));
#2026=DIRECTION('',(-1.5636944008805E-16,-1.,0.));
#2027=DIRECTION('center_axis',(0.,0.,1.));
#2028=DIRECTION('ref_axis',(1.,0.,0.));
#2029=DIRECTION('',(1.,5.04646829375071E-16,0.));
#2030=DIRECTION('',(-6.67260418460399E-9,-1.,0.));
#2031=DIRECTION('',(-1.,0.,0.));
#2032=DIRECTION('',(-6.67260418460399E-9,-1.,0.));
#2033=DIRECTION('center_axis',(0.,1.,0.));
#2034=DIRECTION('ref_axis',(0.,0.,1.));
#2035=DIRECTION('',(-0.999999999999995,0.,-9.62163395867679E-8));
#2036=DIRECTION('',(0.,0.,1.));
#2037=DIRECTION('',(0.,0.,1.));
#2038=DIRECTION('center_axis',(-1.,9.47509926250071E-9,-1.44153651921797E-15));
#2039=DIRECTION('ref_axis',(6.69990796025015E-9,0.707106781186547,-0.707106781186548));
#2040=DIRECTION('center_axis',(1.,-6.67260418460399E-9,-1.24077091882954E-24));
#2041=DIRECTION('ref_axis',(4.71824366710721E-9,0.707106781186547,-0.707106781186548));
#2042=DIRECTION('center_axis',(1.,-6.67260418460399E-9,-1.24077091882954E-24));
#2043=DIRECTION('ref_axis',(4.71824366710721E-9,0.707106781186547,-0.707106781186548));
#2044=DIRECTION('',(-1.,9.47509782096419E-9,0.));
#2045=DIRECTION('center_axis',(1.,-6.67260418460399E-9,0.));
#2046=DIRECTION('ref_axis',(0.,0.,-1.));
#2047=DIRECTION('',(0.,0.,1.));
#2048=DIRECTION('center_axis',(-1.,6.67260418460399E-9,-1.05017971044225E-24));
#2049=DIRECTION('ref_axis',(4.71824366710721E-9,0.707106781186547,0.707106781186548));
#2050=DIRECTION('center_axis',(-1.,6.67260418460399E-9,1.05017971044225E-24));
#2051=DIRECTION('ref_axis',(-4.71824366710721E-9,-0.707106781186547,0.707106781186548));
#2052=DIRECTION('',(0.,0.,1.));
#2053=DIRECTION('',(4.6125405415529E-73,6.91265421107344E-65,-1.));
#2054=DIRECTION('center_axis',(1.,-6.67260418460399E-9,1.24077091882954E-24));
#2055=DIRECTION('ref_axis',(4.71824366710722E-9,0.707106781186548,-0.707106781186547));
#2056=DIRECTION('',(-6.67260418460399E-9,-1.,0.));
#2057=DIRECTION('center_axis',(1.,-6.67260418460399E-9,-1.24077091882954E-24));
#2058=DIRECTION('ref_axis',(-4.71824366710722E-9,-0.707106781186548,-0.707106781186547));
#2059=DIRECTION('',(-4.6125405415529E-73,-6.91265421107344E-65,1.));
#2060=DIRECTION('center_axis',(-1.,6.67260418460399E-9,0.));
#2061=DIRECTION('ref_axis',(6.67260418460399E-9,1.,0.));
#2062=DIRECTION('center_axis',(1.,-9.47509760498465E-9,-2.15979540227848E-16));
#2063=DIRECTION('ref_axis',(-6.69990561616846E-9,-0.707106781186547,0.707106781186548));
#2064=DIRECTION('center_axis',(-1.,6.67260418460399E-9,1.05017971044225E-24));
#2065=DIRECTION('ref_axis',(-4.71824366710721E-9,-0.707106781186547,0.707106781186548));
#2066=DIRECTION('',(1.,-9.47509782096419E-9,0.));
#2067=DIRECTION('',(-1.,9.47509782096419E-9,0.));
#2068=DIRECTION('center_axis',(0.,0.,1.));
#2069=DIRECTION('ref_axis',(1.,0.,0.));
#2070=DIRECTION('',(1.,5.04646829375071E-16,0.));
#2071=DIRECTION('',(6.25477760352201E-16,1.,0.));
#2072=DIRECTION('',(-1.,0.,0.));
#2073=DIRECTION('',(6.25477760352201E-16,1.,0.));
#2074=DIRECTION('center_axis',(0.,1.,0.));
#2075=DIRECTION('ref_axis',(0.,0.,1.));
#2076=DIRECTION('',(-0.999999999999995,0.,-9.62160482520779E-8));
#2077=DIRECTION('',(0.,0.,-1.));
#2078=DIRECTION('',(0.,0.,-1.));
#2079=DIRECTION('center_axis',(-1.,9.47509926250071E-9,-1.44153651921797E-15));
#2080=DIRECTION('ref_axis',(6.69990796025015E-9,0.707106781186547,-0.707106781186548));
#2081=DIRECTION('center_axis',(1.,-6.25477760138418E-16,-2.13783326770964E-25));
#2082=DIRECTION('ref_axis',(4.4227956552408E-16,0.707106781186547,-0.707106781186548));
#2083=DIRECTION('',(-1.,9.47509782096419E-9,0.));
#2084=DIRECTION('center_axis',(1.,-6.25477760138418E-16,-2.13783326770964E-25));
#2085=DIRECTION('ref_axis',(4.4227956552408E-16,0.707106781186547,-0.707106781186548));
#2086=DIRECTION('center_axis',(1.,-9.47509760498465E-9,-2.15979540227848E-16));
#2087=DIRECTION('ref_axis',(-6.69990561616846E-9,-0.707106781186547,0.707106781186548));
#2088=DIRECTION('center_axis',(1.,-6.25477759942763E-16,-4.0943837093114E-25));
#2089=DIRECTION('ref_axis',(-4.42279565247383E-16,-0.707106781186548,0.707106781186548));
#2090=DIRECTION('',(-1.,9.47509782096419E-9,0.));
#2091=DIRECTION('center_axis',(1.,-6.25477759942763E-16,-4.0943837093114E-25));
#2092=DIRECTION('ref_axis',(-4.42279565247383E-16,-0.707106781186548,0.707106781186548));
#2093=DIRECTION('',(1.,-9.47509782096419E-9,0.));
#2094=DIRECTION('center_axis',(-1.,6.25477760352201E-16,0.));
#2095=DIRECTION('ref_axis',(0.,0.,1.));
#2096=DIRECTION('',(0.,0.,1.));
#2097=DIRECTION('center_axis',(1.,-3.127388801761E-16,3.127388801761E-16));
#2098=DIRECTION('ref_axis',(-7.39557098644699E-32,0.707106781186547,0.707106781186548));
#2099=DIRECTION('',(0.,0.,1.));
#2100=DIRECTION('',(-4.32371147403142E-80,-6.91265421107344E-65,1.));
#2101=DIRECTION('center_axis',(1.,4.32986979603811E-16,0.));
#2102=DIRECTION('ref_axis',(-4.32986979603811E-16,1.,0.));
#2103=DIRECTION('',(4.32371147403142E-80,6.91265421107344E-65,-1.));
#2104=DIRECTION('center_axis',(-1.,3.127388801761E-16,-3.127388801761E-16));
#2105=DIRECTION('ref_axis',(9.86076131526265E-32,-0.707106781186548,-0.707106781186547));
#2106=DIRECTION('',(6.25477760352201E-16,1.,0.));
#2107=DIRECTION('center_axis',(-1.,3.127388801761E-16,3.127388801761E-16));
#2108=DIRECTION('ref_axis',(2.46519032881566E-32,0.707106781186548,-0.707106781186547));
#2109=DIRECTION('center_axis',(-1.,6.25477760352201E-16,0.));
#2110=DIRECTION('ref_axis',(0.,0.,1.));
#2111=DIRECTION('',(0.,0.,1.));
#2112=DIRECTION('center_axis',(1.,-9.15990972628927E-17,-2.21139782913208E-16));
#2113=DIRECTION('ref_axis',(-1.35585468084861E-31,0.923879532511287,-0.38268343236509));
#2114=DIRECTION('',(4.42279565826416E-16,0.707106781186548,0.707106781186547));
#2115=DIRECTION('center_axis',(1.,-5.33878663089308E-16,-2.21139782913208E-16));
#2116=DIRECTION('ref_axis',(-1.72563323017096E-31,0.38268343236509,-0.923879532511287));
#2117=DIRECTION('',(6.25477760352201E-16,1.,0.));
#2118=DIRECTION('',(0.,0.,1.));
#2119=DIRECTION('',(6.25477760352201E-16,1.,0.));
#2120=DIRECTION('',(6.25477760352201E-16,1.,0.));
#2121=DIRECTION('center_axis',(1.,-6.25477760138418E-16,-2.13783326770964E-25));
#2122=DIRECTION('ref_axis',(4.4227956552408E-16,0.707106781186547,-0.707106781186548));
#2123=DIRECTION('center_axis',(0.,0.,1.));
#2124=DIRECTION('ref_axis',(1.,0.,0.));
#2125=DIRECTION('',(1.,0.,0.));
#2126=DIRECTION('',(-9.77309000550314E-17,1.,0.));
#2127=DIRECTION('',(-1.,0.,0.));
#2128=DIRECTION('',(-9.77309000550314E-17,1.,0.));
#2129=DIRECTION('center_axis',(0.,1.,0.));
#2130=DIRECTION('ref_axis',(0.,0.,1.));
#2131=DIRECTION('',(-1.,-7.20924041964386E-17,-7.20924041964385E-17));
#2132=DIRECTION('',(0.,0.,-1.));
#2133=DIRECTION('',(0.,0.,-1.));
#2134=DIRECTION('center_axis',(-1.,-9.77309000550314E-17,0.));
#2135=DIRECTION('ref_axis',(-9.77309000550314E-17,1.,0.));
#2136=DIRECTION('center_axis',(-1.,-4.88654500275158E-17,-4.88654500275157E-17));
#2137=DIRECTION('ref_axis',(-3.69778549322349E-32,0.707106781186547,-0.707106781186548));
#2138=DIRECTION('',(0.,0.,1.));
#2139=DIRECTION('center_axis',(1.,4.88654500275157E-17,4.88654500275157E-17));
#2140=DIRECTION('ref_axis',(-6.16297582203916E-33,-0.707106781186548,0.707106781186548));
#2141=DIRECTION('',(0.,0.,1.));
#2142=DIRECTION('',(6.7557991781741E-81,-6.91265421107344E-65,1.));
#2143=DIRECTION('center_axis',(1.,4.32986979603811E-16,0.));
#2144=DIRECTION('ref_axis',(-4.32986979603811E-16,1.,0.));
#2145=DIRECTION('',(-6.7557991781741E-81,6.91265421107344E-65,-1.));
#2146=DIRECTION('center_axis',(-1.,-4.88654500275156E-17,4.88654500275157E-17));
#2147=DIRECTION('ref_axis',(6.16297582203915E-33,-0.707106781186548,-0.707106781186547));
#2148=DIRECTION('',(-9.77309000550314E-17,1.,0.));
#2149=DIRECTION('center_axis',(-1.,-4.88654500275156E-17,-4.88654500275157E-17));
#2150=DIRECTION('ref_axis',(1.84889274661175E-32,0.707106781186548,-0.707106781186547));
#2151=DIRECTION('center_axis',(-1.,-9.77309000550314E-17,0.));
#2152=DIRECTION('ref_axis',(-9.77309000550314E-17,1.,0.));
#2153=DIRECTION('',(0.,0.,1.));
#2154=DIRECTION('center_axis',(1.,1.4312358947327E-17,3.45530910801887E-17));
#2155=DIRECTION('ref_axis',(6.16297582203916E-33,0.923879532511287,-0.38268343236509));
#2156=DIRECTION('',(-6.91061821603773E-17,0.707106781186547,0.707106781186547));
#2157=DIRECTION('center_axis',(1.,8.34185411077044E-17,3.45530910801887E-17));
#2158=DIRECTION('ref_axis',(1.23259516440783E-32,0.38268343236509,-0.923879532511287));
#2159=DIRECTION('',(9.77309000550314E-17,-1.,0.));
#2160=DIRECTION('',(0.,0.,-1.));
#2161=DIRECTION('',(9.77309000550314E-17,-1.,0.));
#2162=DIRECTION('center_axis',(-1.,-4.88654500275158E-17,-4.88654500275157E-17));
#2163=DIRECTION('ref_axis',(-3.69778549322349E-32,0.707106781186547,-0.707106781186548));
#2164=DIRECTION('center_axis',(0.,0.,1.));
#2165=DIRECTION('ref_axis',(1.,0.,0.));
#2166=DIRECTION('',(1.,0.,0.));
#2167=DIRECTION('',(-1.5636944008805E-16,-1.,0.));
#2168=DIRECTION('',(-1.,0.,0.));
#2169=DIRECTION('',(-1.5636944008805E-16,-1.,0.));
#2170=DIRECTION('center_axis',(0.,1.,0.));
#2171=DIRECTION('ref_axis',(0.,0.,1.));
#2172=DIRECTION('',(-1.,-7.20924041964386E-17,-7.20924041964385E-17));
#2173=DIRECTION('',(0.,0.,1.));
#2174=DIRECTION('',(0.,0.,1.));
#2175=DIRECTION('center_axis',(1.,-1.5636944008805E-16,0.));
#2176=DIRECTION('ref_axis',(-1.5636944008805E-16,-1.,0.));
#2177=DIRECTION('',(0.,0.,1.));
#2178=DIRECTION('center_axis',(-1.,7.8184720044025E-17,-7.8184720044025E-17));
#2179=DIRECTION('ref_axis',(-1.84889274661175E-32,0.707106781186547,0.707106781186548));
#2180=DIRECTION('',(0.,0.,1.));
#2181=DIRECTION('center_axis',(1.,-7.81847200440251E-17,-7.8184720044025E-17));
#2182=DIRECTION('ref_axis',(6.16297582203915E-33,0.707106781186547,-0.707106781186548));
#2183=DIRECTION('',(1.08092786850786E-80,6.91265421107344E-65,-1.));
#2184=DIRECTION('center_axis',(1.,-7.81847200440249E-17,-7.8184720044025E-17));
#2185=DIRECTION('ref_axis',(2.46519032881566E-32,0.707106781186548,-0.707106781186547));
#2186=DIRECTION('',(-1.5636944008805E-16,-1.,0.));
#2187=DIRECTION('center_axis',(1.,-7.81847200440249E-17,7.8184720044025E-17));
#2188=DIRECTION('ref_axis',(1.23259516440783E-32,-0.707106781186548,-0.707106781186547));
#2189=DIRECTION('',(-1.08092786850786E-80,-6.91265421107344E-65,1.));
#2190=DIRECTION('center_axis',(-1.,-4.32986979603811E-16,0.));
#2191=DIRECTION('ref_axis',(-4.32986979603811E-16,1.,0.));
#2192=DIRECTION('center_axis',(-8.88178419700124E-16,1.,8.88178419700125E-16));
#2193=DIRECTION('ref_axis',(0.707106781186548,-4.93038065763132E-31,0.707106781186547));
#2194=DIRECTION('center_axis',(-2.96059473233375E-15,1.,0.));
#2195=DIRECTION('ref_axis',(0.,0.,1.));
#2196=DIRECTION('',(-1.77635683940025E-15,1.,0.));
#2197=DIRECTION('center_axis',(-2.96059473233375E-15,1.,0.));
#2198=DIRECTION('ref_axis',(0.,0.,1.));
#2199=DIRECTION('center_axis',(-0.877015312629481,0.480388918986988,0.00840404235632946));
#2200=DIRECTION('ref_axis',(0.48042517111982,0.877030963864893,0.00288849038588786));
#2201=DIRECTION('center_axis',(1.,-3.55271367880051E-16,-3.5527136788005E-16));
#2202=DIRECTION('ref_axis',(-2.95822839457879E-31,-0.707106781186546,0.707106781186549));
#2203=DIRECTION('center_axis',(1.,0.,0.));
#2204=DIRECTION('ref_axis',(0.,0.,1.));
#2205=DIRECTION('',(1.,-7.105427357601E-16,0.));
#2206=DIRECTION('center_axis',(1.,0.,0.));
#2207=DIRECTION('ref_axis',(0.,0.,1.));
#2208=DIRECTION('center_axis',(0.,0.,-1.));
#2209=DIRECTION('ref_axis',(-0.923879533092372,0.382683430962227,0.));
#2210=DIRECTION('center_axis',(0.,0.,-1.));
#2211=DIRECTION('ref_axis',(-0.990575320711334,0.136969098696158,0.));
#2212=DIRECTION('',(0.,0.,-1.));
#2213=DIRECTION('center_axis',(0.,0.,-1.));
#2214=DIRECTION('ref_axis',(-0.923879533092372,0.382683430962227,0.));
#2215=DIRECTION('',(0.,0.,1.));
#2216=DIRECTION('center_axis',(0.,0.,1.));
#2217=DIRECTION('ref_axis',(0.707106781186548,-0.707106781186547,0.));
#2218=DIRECTION('center_axis',(0.,0.,1.));
#2219=DIRECTION('ref_axis',(0.707106781186548,-0.707106781186547,0.));
#2220=DIRECTION('',(0.,0.,1.));
#2221=DIRECTION('center_axis',(0.,0.,1.));
#2222=DIRECTION('ref_axis',(0.707106781186549,-0.707106781186546,0.));
#2223=DIRECTION('',(0.,0.,-1.));
#2224=DIRECTION('center_axis',(0.,0.,1.));
#2225=DIRECTION('ref_axis',(-0.707106781186547,-0.707106781186548,0.));
#2226=DIRECTION('center_axis',(0.,0.,1.));
#2227=DIRECTION('ref_axis',(-0.707106781186547,-0.707106781186548,0.));
#2228=DIRECTION('',(0.,0.,1.));
#2229=DIRECTION('center_axis',(0.,0.,1.));
#2230=DIRECTION('ref_axis',(-0.707106781186548,-0.707106781186547,0.));
#2231=DIRECTION('',(0.,0.,-1.));
#2232=DIRECTION('center_axis',(0.,0.,-1.));
#2233=DIRECTION('ref_axis',(0.923879532511287,0.38268343236509,0.));
#2234=DIRECTION('center_axis',(0.,0.,-1.));
#2235=DIRECTION('ref_axis',(0.990575320584752,0.13696909961161,0.));
#2236=DIRECTION('',(0.,0.,-1.));
#2237=DIRECTION('center_axis',(0.,0.,-1.));
#2238=DIRECTION('ref_axis',(0.923879532511287,0.38268343236509,0.));
#2239=DIRECTION('',(0.,0.,1.));
#2240=DIRECTION('center_axis',(1.,0.,0.));
#2241=DIRECTION('ref_axis',(0.,0.923879532511287,-0.38268343236509));
#2242=DIRECTION('',(1.,0.,0.));
#2243=DIRECTION('center_axis',(-1.,2.28997743157231E-17,5.52849457283019E-17));
#2244=DIRECTION('ref_axis',(-1.54074395550979E-32,0.923879532511287,-0.38268343236509));
#2245=DIRECTION('',(-1.,0.,0.));
#2246=DIRECTION('center_axis',(-1.,0.,0.));
#2247=DIRECTION('ref_axis',(0.,0.38268343236509,-0.923879532511287));
#2248=DIRECTION('center_axis',(-1.,1.33469665772327E-16,5.52849457283019E-17));
#2249=DIRECTION('ref_axis',(-3.08148791101958E-32,0.38268343236509,-0.923879532511287));
#2250=DIRECTION('',(-1.,0.,0.));
#2251=DIRECTION('',(1.,0.,0.));
#2252=DIRECTION('center_axis',(-1.,-4.30743012265237E-16,-1.78419597577701E-16));
#2253=DIRECTION('ref_axis',(-2.2186712959341E-31,0.38268343236509,-0.923879532511287));
#2254=DIRECTION('center_axis',(-1.,6.67260418460399E-9,6.61744490042422E-24));
#2255=DIRECTION('ref_axis',(2.55349507217791E-9,0.38268343236509,-0.923879532511287));
#2256=DIRECTION('',(-1.,-5.04646829375071E-16,0.));
#2257=DIRECTION('',(1.,5.04646829375071E-16,-3.4863055968421E-32));
#2258=DIRECTION('center_axis',(1.,7.39038171098339E-17,1.78419597577701E-16));
#2259=DIRECTION('ref_axis',(-8.62816615085482E-32,0.923879532511287,-0.38268343236509));
#2260=DIRECTION('',(1.,5.04646829375071E-16,-6.9726111936842E-32));
#2261=DIRECTION('center_axis',(-1.,6.67260418460399E-9,2.64697796016969E-25));
#2262=DIRECTION('ref_axis',(6.16468243470479E-9,0.923879532511287,-0.38268343236509));
#2263=DIRECTION('',(-1.,-5.04646829375071E-16,6.9726111936842E-32));
#2264=DIRECTION('center_axis',(0.,0.,1.));
#2265=DIRECTION('ref_axis',(0.923879533673455,-0.382683429559367,0.));
#2266=DIRECTION('center_axis',(0.,0.,1.));
#2267=DIRECTION('ref_axis',(0.923879533673455,-0.382683429559367,0.));
#2268=DIRECTION('',(0.,0.,1.));
#2269=DIRECTION('center_axis',(-1.9253641657587E-14,0.17559675805886,-0.984462177312678));
#2270=DIRECTION('ref_axis',(1.45313999731967E-10,0.984462177312678,0.17559675805886));
#2271=DIRECTION('',(0.,0.,-1.));
#2272=DIRECTION('center_axis',(0.,0.,1.));
#2273=DIRECTION('ref_axis',(-0.923879532511287,-0.38268343236509,0.));
#2274=DIRECTION('center_axis',(0.,0.,1.));
#2275=DIRECTION('ref_axis',(-0.923879532511287,-0.38268343236509,0.));
#2276=DIRECTION('',(0.,0.,1.));
#2277=DIRECTION('center_axis',(0.,0.,-1.));
#2278=DIRECTION('ref_axis',(-6.12323399573677E-17,-1.,0.));
#2279=DIRECTION('center_axis',(0.,0.,-1.));
#2280=DIRECTION('ref_axis',(-1.,0.,0.));
#2281=DIRECTION('center_axis',(0.,0.,-1.));
#2282=DIRECTION('ref_axis',(-1.,0.,0.));
#2283=DIRECTION('',(0.,0.,-1.));
#2284=DIRECTION('center_axis',(0.,0.,1.));
#2285=DIRECTION('ref_axis',(-1.,0.,0.));
#2286=DIRECTION('center_axis',(0.,0.,-1.));
#2287=DIRECTION('ref_axis',(-1.,0.,0.));
#2288=DIRECTION('center_axis',(0.,0.,1.));
#2289=DIRECTION('ref_axis',(-1.,0.,0.));
#2290=DIRECTION('',(0.,0.,-1.));
#2291=DIRECTION('center_axis',(0.,0.,1.));
#2292=DIRECTION('ref_axis',(-1.,0.,0.));
#2293=DIRECTION('center_axis',(-1.,-2.16493489801905E-16,-2.16493489801906E-16));
#2294=DIRECTION('ref_axis',(9.86076131526265E-32,0.707106781186548,-0.707106781186547));
#2295=DIRECTION('',(-1.,-4.32986979603811E-16,0.));
#2296=DIRECTION('',(1.,4.32986979603811E-16,0.));
#2297=DIRECTION('center_axis',(-1.,-2.16493489801905E-16,2.16493489801906E-16));
#2298=DIRECTION('ref_axis',(-1.97215226305253E-31,-0.707106781186548,-0.707106781186547));
#2299=DIRECTION('',(-1.,-4.32986979603811E-16,0.));
#2300=DIRECTION('',(1.,4.32986979603811E-16,0.));
#2301=DIRECTION('center_axis',(-1.,9.47509926250071E-9,-1.44153651921797E-15));
#2302=DIRECTION('ref_axis',(6.69990796025015E-9,0.707106781186547,-0.707106781186548));
#2303=DIRECTION('center_axis',(1.,-6.67260418460399E-9,-1.24077091882954E-24));
#2304=DIRECTION('ref_axis',(4.71824366710721E-9,0.707106781186547,-0.707106781186548));
#2305=DIRECTION('',(-1.,9.47509782096419E-9,0.));
#2306=DIRECTION('',(1.,-9.47509782096419E-9,0.));
#2307=DIRECTION('center_axis',(-1.,-2.52323414687536E-16,2.52323414687536E-16));
#2308=DIRECTION('ref_axis',(4.93038065763132E-32,0.707106781186547,0.707106781186548));
#2309=DIRECTION('',(-1.,-5.04646829375071E-16,0.));
#2310=DIRECTION('',(-1.,9.47509782096419E-9,0.));
#2311=DIRECTION('center_axis',(1.,-9.47509760498465E-9,-2.15979540227848E-16));
#2312=DIRECTION('ref_axis',(-6.69990561616846E-9,-0.707106781186547,0.707106781186548));
#2313=DIRECTION('',(1.,-9.47509782096419E-9,0.));
#2314=DIRECTION('center_axis',(-1.,-2.16493489801905E-16,2.16493489801906E-16));
#2315=DIRECTION('ref_axis',(-1.97215226305253E-31,-0.707106781186548,-0.707106781186547));
#2316=DIRECTION('',(-1.,-4.32986979603811E-16,0.));
#2317=DIRECTION('',(1.,4.32986979603811E-16,0.));
#2318=DIRECTION('center_axis',(-1.,-2.16493489801905E-16,-2.16493489801906E-16));
#2319=DIRECTION('ref_axis',(9.86076131526265E-32,0.707106781186548,-0.707106781186547));
#2320=DIRECTION('',(-1.,-4.32986979603811E-16,0.));
#2321=DIRECTION('',(1.,4.32986979603811E-16,0.));
#2322=DIRECTION('center_axis',(1.,7.20924041964386E-17,7.20924041964385E-17));
#2323=DIRECTION('ref_axis',(-1.23259516440783E-32,0.707106781186547,-0.707106781186548));
#2324=DIRECTION('',(-1.,-1.44184808392877E-16,0.));
#2325=DIRECTION('center_axis',(1.,-7.81847200440251E-17,-7.8184720044025E-17));
#2326=DIRECTION('ref_axis',(6.16297582203915E-33,0.707106781186547,-0.707106781186548));
#2327=DIRECTION('',(-1.,-1.44184808392877E-16,0.));
#2328=DIRECTION('center_axis',(-1.,0.,0.));
#2329=DIRECTION('ref_axis',(0.,0.707106781186547,0.707106781186548));
#2330=DIRECTION('',(-1.,0.,0.));
#2331=DIRECTION('',(1.,1.44184808392877E-16,0.));
#2332=DIRECTION('center_axis',(0.,1.,0.));
#2333=DIRECTION('ref_axis',(1.,0.,0.));
#2334=DIRECTION('',(0.,0.,1.));
#2335=DIRECTION('center_axis',(-5.04646829375071E-16,1.,0.));
#2336=DIRECTION('ref_axis',(1.,5.04646829375071E-16,0.));
#2337=DIRECTION('',(0.,0.,1.));
#2338=DIRECTION('center_axis',(1.,-6.67260418460399E-9,0.));
#2339=DIRECTION('ref_axis',(0.,0.,-1.));
#2340=DIRECTION('',(-3.03689093822952E-9,1.,0.));
#2341=DIRECTION('',(-3.03689093822952E-9,1.,0.));
#2342=DIRECTION('',(0.,0.,1.));
#2343=DIRECTION('',(-6.67260418460399E-9,-1.,0.));
#2344=DIRECTION('',(-4.71824366710721E-9,-0.707106781186548,-0.707106781186547));
#2345=DIRECTION('center_axis',(0.,1.,0.));
#2346=DIRECTION('ref_axis',(1.,0.,0.));
#2347=DIRECTION('',(-1.,0.,0.));
#2348=DIRECTION('',(1.,0.,0.));
#2349=DIRECTION('',(0.,0.,1.));
#2350=DIRECTION('center_axis',(0.707106783333955,-0.70710677903914,0.));
#2351=DIRECTION('ref_axis',(0.,0.,-1.));
#2352=DIRECTION('',(-0.70154881301054,-0.701548817271598,-0.125134007960761));
#2353=DIRECTION('center_axis',(-0.707106783333935,0.70710677903916,1.33269136146747E-13));
#2354=DIRECTION('ref_axis',(0.70710677903916,0.707106783333935,-1.95277575032075E-13));
#2355=DIRECTION('',(-0.70710677903914,-0.707106783333955,0.));
#2356=DIRECTION('center_axis',(1.44184808392877E-16,-1.,0.));
#2357=DIRECTION('ref_axis',(0.,0.,-1.));
#2358=DIRECTION('center_axis',(-1.,-4.32986979603811E-16,0.));
#2359=DIRECTION('ref_axis',(-4.32986979603811E-16,1.,0.));
#2360=DIRECTION('',(-1.,-4.32986979603811E-16,0.));
#2361=DIRECTION('',(-1.,-4.32986979603811E-16,0.));
#2362=DIRECTION('center_axis',(4.32986979603811E-16,-1.,-6.91265421107344E-65));
#2363=DIRECTION('ref_axis',(0.,6.91265421107344E-65,-1.));
#2364=DIRECTION('center_axis',(-4.32986979603811E-16,1.,6.91265421107344E-65));
#2365=DIRECTION('ref_axis',(1.,4.32986979603811E-16,0.));
#2366=DIRECTION('center_axis',(0.,0.,-1.));
#2367=DIRECTION('ref_axis',(0.,-1.,0.));
#2368=DIRECTION('center_axis',(0.,0.,1.));
#2369=DIRECTION('ref_axis',(1.,0.,0.));
#2370=DIRECTION('',(1.,8.88178419700125E-17,0.));
#2371=DIRECTION('center_axis',(-9.47509782096419E-9,-1.,0.));
#2372=DIRECTION('ref_axis',(-1.,9.47509782096419E-9,0.));
#2373=DIRECTION('center_axis',(-1.,-4.32986979603811E-16,0.));
#2374=DIRECTION('ref_axis',(-4.32986979603811E-16,1.,0.));
#2375=DIRECTION('',(-1.,-4.32986979603811E-16,0.));
#2376=DIRECTION('',(-1.,-4.32986979603811E-16,0.));
#2377=DIRECTION('center_axis',(4.32986979603811E-16,-1.,-6.91265421107344E-65));
#2378=DIRECTION('ref_axis',(0.,6.91265421107344E-65,-1.));
#2379=DIRECTION('center_axis',(0.,0.,-1.));
#2380=DIRECTION('ref_axis',(0.,-1.,0.));
#2381=DIRECTION('center_axis',(-4.32986979603811E-16,1.,6.91265421107344E-65));
#2382=DIRECTION('ref_axis',(1.,4.32986979603811E-16,0.));
#2383=DIRECTION('center_axis',(0.,0.,1.));
#2384=DIRECTION('ref_axis',(1.,0.,0.));
#2385=DIRECTION('',(1.,8.88178419700125E-17,0.));
#2386=DIRECTION('center_axis',(0.,0.,1.));
#2387=DIRECTION('ref_axis',(1.,0.,0.));
#2388=DIRECTION('',(-1.5636944008805E-16,-1.,0.));
#2389=DIRECTION('center_axis',(0.,0.,1.));
#2390=DIRECTION('ref_axis',(1.,0.,0.));
#2391=DIRECTION('center_axis',(-1.55961251077174E-17,0.17559675805885,-0.98446217731268));
#2392=DIRECTION('ref_axis',(-1.,-3.85185988877447E-34,1.58422796397223E-17));
#2393=DIRECTION('',(-1.,-3.47055480858464E-16,-4.60613858435534E-17));
#2394=DIRECTION('',(2.98970426531058E-9,-0.984462177312679,-0.17559675805885));
#2395=DIRECTION('center_axis',(-0.707106781186547,-0.707106781186548,0.));
#2396=DIRECTION('ref_axis',(-0.707106781186548,0.707106781186547,0.));
#2397=DIRECTION('',(-0.707106781186548,0.707106781186547,0.));
#2398=DIRECTION('center_axis',(1.,3.03689093822952E-9,0.));
#2399=DIRECTION('ref_axis',(0.,0.,-1.));
#2400=DIRECTION('',(3.03689093822952E-9,-1.,0.));
#2401=DIRECTION('center_axis',(0.,0.,1.));
#2402=DIRECTION('ref_axis',(1.,0.,0.));
#2403=DIRECTION('',(-1.5636944008805E-16,-1.,0.));
#2404=DIRECTION('',(-1.77635683940025E-15,1.,0.));
#2405=DIRECTION('',(1.,-7.105427357601E-16,0.));
#2406=DIRECTION('',(-6.66133814775094E-16,-1.,0.));
#2407=DIRECTION('center_axis',(-3.56839195155403E-16,0.707106781186547,
-0.707106781186548));
#2408=DIRECTION('ref_axis',(-1.,0.,5.0464682937507E-16));
#2409=DIRECTION('center_axis',(1.,-1.5636944008805E-16,0.));
#2410=DIRECTION('ref_axis',(-1.5636944008805E-16,-1.,0.));
#2411=DIRECTION('',(-1.10569891456604E-16,-0.707106781186547,-0.707106781186547));
#2412=DIRECTION('center_axis',(0.,0.707106781186548,-0.707106781186548));
#2413=DIRECTION('ref_axis',(-1.,0.,0.));
#2414=DIRECTION('center_axis',(-1.,6.66133814775094E-16,0.));
#2415=DIRECTION('ref_axis',(0.,0.,1.));
#2416=DIRECTION('center_axis',(-7.105427357601E-16,-1.,0.));
#2417=DIRECTION('ref_axis',(-1.,7.105427357601E-16,0.));
#2418=DIRECTION('center_axis',(1.,1.77635683940025E-15,0.));
#2419=DIRECTION('ref_axis',(-1.77635683940025E-15,1.,0.));
#2420=DIRECTION('center_axis',(0.,0.,-1.));
#2421=DIRECTION('ref_axis',(-1.,0.,0.));
#2422=DIRECTION('center_axis',(0.,0.,1.));
#2423=DIRECTION('ref_axis',(1.,0.,0.));
#2424=DIRECTION('center_axis',(1.,2.27373675443232E-16,-1.70530256582424E-16));
#2425=DIRECTION('ref_axis',(2.46519032881566E-32,0.6,0.8));
#2426=DIRECTION('',(1.,3.5527136788005E-16,0.));
#2427=DIRECTION('center_axis',(1.,4.62918843848864E-16,1.52441764559367E-16));
#2428=DIRECTION('ref_axis',(4.44089209850063E-16,-0.736608275653345,-0.676319634669145));
#2429=CARTESIAN_POINT('',(0.,0.,0.));
#2430=CARTESIAN_POINT('Origin',(0.797010850393701,-0.982691818110236,0.0986220472440945));
#2431=CARTESIAN_POINT('',(0.571387470219058,-0.982691818110236,0.196850393700787));
#2432=CARTESIAN_POINT('',(0.571387470219058,-0.982691818110236,0.125984251968504));
#2433=CARTESIAN_POINT('',(0.571387470219058,-0.982691818110236,0.196850393700787));
#2434=CARTESIAN_POINT('',(0.452234592278194,-0.982691818110236,0.196850393700787));
#2435=CARTESIAN_POINT('',(0.797010850393701,-0.982691818110236,0.196850393700787));
#2436=CARTESIAN_POINT('',(0.452234592278194,-0.982691818110236,0.125984251968504));
#2437=CARTESIAN_POINT('',(0.452234592278194,-0.982691818110236,0.196850393700787));
#2438=CARTESIAN_POINT('',(0.654410940821163,-0.982691818110236,0.125984251968504));
#2439=CARTESIAN_POINT('Origin',(0.797010850393701,-0.982691818110236,0.0986220472440945));
#2440=CARTESIAN_POINT('',(0.96404562352682,-0.982691818110236,0.125984251968504));
#2441=CARTESIAN_POINT('',(0.96404562352682,-0.982691818110236,0.196850393700787));
#2442=CARTESIAN_POINT('',(0.96404562352682,-0.982691818110236,0.196850393700787));
#2443=CARTESIAN_POINT('',(1.08319850146768,-0.982691818110236,0.125984251968504));
#2444=CARTESIAN_POINT('',(0.910316456445476,-0.982691818110236,0.125984251968504));
#2445=CARTESIAN_POINT('',(1.08319850146768,-0.982691818110236,0.196850393700787));
#2446=CARTESIAN_POINT('',(1.08319850146768,-0.982691818110236,0.196850393700787));
#2447=CARTESIAN_POINT('',(0.797010850393701,-0.982691818110236,0.196850393700787));
#2448=CARTESIAN_POINT('Origin',(1.23047541732283,-0.627967408661417,0.0986220472440945));
#2449=CARTESIAN_POINT('',(1.23047541732283,-0.981579340449787,0.196849081324335));
#2450=CARTESIAN_POINT('',(1.23047541732283,-0.982691818110236,0.196850393686206));
#2451=CARTESIAN_POINT('',(1.23047541732283,-1.15946347177037,0.196849081351367));
#2452=CARTESIAN_POINT('',(1.23047541732283,-0.864187881219193,0.15748031496063));
#2453=CARTESIAN_POINT('Origin',(1.23047541732283,-0.982298117439665,-1.18061990598307E-16));
#2454=CARTESIAN_POINT('',(1.23047541732283,-0.684619961197106,0.0968223341252886));
#2455=CARTESIAN_POINT('Origin',(1.23047541732283,-0.719186252153571,0.290614101312824));
#2456=CARTESIAN_POINT('',(1.23047541732283,-0.344548262011533,0.15748031496063));
#2457=CARTESIAN_POINT('',(1.23047541732283,-0.747017227610668,0.085692645299797));
#2458=CARTESIAN_POINT('',(1.23047541732283,-0.27363670011683,0.15748031496063));
#2459=CARTESIAN_POINT('',(1.23047541732283,-0.626983156751329,0.15748031496063));
#2460=CARTESIAN_POINT('',(1.23047541732283,-0.27363670011683,0.000393700787401575));
#2461=CARTESIAN_POINT('',(1.23047541732283,-0.27363670011683,0.0493110236220472));
#2462=CARTESIAN_POINT('',(1.23047541732283,-0.273242999212598,0.000393700787401575));
#2463=CARTESIAN_POINT('',(1.23047541732283,-0.627967408661417,0.000393700787401575));
#2464=CARTESIAN_POINT('',(1.23047541732283,-0.273242999212598,0.196850393700787));
#2465=CARTESIAN_POINT('',(1.23047541732283,-0.273242999212598,0.0986220472440945));
#2466=CARTESIAN_POINT('',(1.23047541732283,-0.627967408661417,0.196850393700787));
#2467=CARTESIAN_POINT('Origin',(0.797010850393701,-0.627967408661417,0.000393700787401575));
#2468=CARTESIAN_POINT('',(0.363546283464567,-0.27363670011683,0.000393700787401575));
#2469=CARTESIAN_POINT('',(1.02732581112551,-0.27363670011683,0.000393700787401575));
#2470=CARTESIAN_POINT('',(0.363546283464567,-0.273242999212598,0.000393700787401575));
#2471=CARTESIAN_POINT('',(0.363546283464567,-0.627967408661417,0.000393700787401575));
#2472=CARTESIAN_POINT('',(0.797010850393701,-0.273242999212598,0.000393700787401575));
#2473=CARTESIAN_POINT('Origin',(0.363546283464567,-0.627967408661417,0.0986220472440945));
#2474=CARTESIAN_POINT('',(0.363546283464567,-0.273242999212598,0.196850393700787));
#2475=CARTESIAN_POINT('',(0.363546283464567,-0.982691818110236,0.196849081349128));
#2476=CARTESIAN_POINT('',(0.363546283464567,-0.627967408661417,0.196850393700787));
#2477=CARTESIAN_POINT('',(0.363546283464567,-0.273242999212598,0.0986220472440945));
#2478=CARTESIAN_POINT('',(0.363546283464567,-0.27363670011683,0.15748031496063));
#2479=CARTESIAN_POINT('',(0.363546283464567,-0.27363670011683,0.0493110236220472));
#2480=CARTESIAN_POINT('',(0.363546283464567,-0.344548262011533,0.15748031496063));
#2481=CARTESIAN_POINT('',(0.363546283464567,-0.626983156751329,0.15748031496063));
#2482=CARTESIAN_POINT('',(0.363546283464567,-0.684619961197106,0.0968223341252886));
#2483=CARTESIAN_POINT('',(0.363546283464567,-0.747017227610668,0.085692645299797));
#2484=CARTESIAN_POINT('',(0.363546283464567,-0.864187881219193,0.15748031496063));
#2485=CARTESIAN_POINT('Origin',(0.363546283464567,-0.719186252153571,0.290614101312824));
#2486=CARTESIAN_POINT('',(0.363546283464567,-0.981579340153946,0.196849081321774));
#2487=CARTESIAN_POINT('Origin',(0.363546283464567,-0.982298117439665,2.97756570373223E-17));
#2488=CARTESIAN_POINT('',(0.363546283464567,-0.962613078069587,0.196849081349128));
#2489=CARTESIAN_POINT('Origin',(0.797010850393701,-0.273242999212598,0.0986220472440945));
#2490=CARTESIAN_POINT('',(0.797010850393701,-0.273242999212598,0.196850393700787));
#2491=CARTESIAN_POINT('Origin',(0.511811031248626,-1.06103827491998,0.125984251968504));
#2492=CARTESIAN_POINT('Origin',(0.511811031248626,-1.06103827491998,0.125984251968504));
#2493=CARTESIAN_POINT('',(0.570866149358862,-1.06103827491998,0.125984251968504));
#2494=CARTESIAN_POINT('Origin',(0.511811031248626,-1.06103827491998,0.125984251968504));
#2495=CARTESIAN_POINT('Origin',(0.511811031248626,-1.06103827491998,0.196850393700787));
#2496=CARTESIAN_POINT('Origin',(0.511811031248626,-1.06103827491998,0.196850393700787));
#2497=CARTESIAN_POINT('Origin',(0.797010850561602,-1.06103827491998,0.196850393700787));
#2498=CARTESIAN_POINT('',(1.23008171670333,-0.982691818110236,0.196850393700787));
#2499=CARTESIAN_POINT('',(0.797010850393701,-0.982691818110236,0.196850393700787));
#2500=CARTESIAN_POINT('',(0.36393998441987,-0.982691818110236,0.196850393700787));
#2501=CARTESIAN_POINT('Origin',(0.36393998441987,-0.982691818110236,0.137795275590551));
#2502=CARTESIAN_POINT('',(0.36393998441987,-1.1397784324003,0.196850393700787));
#2503=CARTESIAN_POINT('',(0.36393998441987,-0.962613078069587,0.196850393700787));
#2504=CARTESIAN_POINT('',(0.422995102530106,-1.19883355051053,0.196850393700787));
#2505=CARTESIAN_POINT('Origin',(0.422995102530106,-1.1397784324003,0.196850393700787));
#2506=CARTESIAN_POINT('',(1.1710265985931,-1.19883355051053,0.196850393700787));
#2507=CARTESIAN_POINT('',(0.550947858435618,-1.19883355051053,0.196850393700787));
#2508=CARTESIAN_POINT('',(1.23008171670333,-1.1397784324003,0.196850393700787));
#2509=CARTESIAN_POINT('Origin',(1.1710265985931,-1.1397784324003,0.196850393700787));
#2510=CARTESIAN_POINT('',(1.23008171670333,-1.15946347177037,0.196850393700787));
#2511=CARTESIAN_POINT('Origin',(1.02362206249725,-1.06103827491998,0.196850393700787));
#2512=CARTESIAN_POINT('Origin',(0.36393998441987,-0.962613078069587,0.137795275590551));
#2513=CARTESIAN_POINT('',(0.361772960748241,-0.978341225180279,0.196810620912091));
#2514=CARTESIAN_POINT('Origin',(0.365059321164551,-0.982089733118333,0.0685224894160291));
#2515=CARTESIAN_POINT('',(0.304884866309633,-0.978341225180279,0.137795275590551));
#2516=CARTESIAN_POINT('Origin',(0.36393998441987,-0.978341225180279,0.137795275590551));
#2517=CARTESIAN_POINT('',(0.304884866309633,-1.1397784324003,0.137795275590551));
#2518=CARTESIAN_POINT('',(0.304884866309633,-0.962613078069587,0.137795275590551));
#2519=CARTESIAN_POINT('Origin',(0.36393998441987,-1.1397784324003,0.137795275590551));
#2520=CARTESIAN_POINT('Origin',(0.538152582863,-0.982298117439665,0.));
#2521=CARTESIAN_POINT('',(0.283837321986364,-0.864187881219193,0.15748031496063));
#2522=CARTESIAN_POINT('',(0.538152582863,-0.864187881219193,0.15748031496063));
#2523=CARTESIAN_POINT('Ctrl Pts',(0.283837321986365,-0.864187881219193,
0.15748031496063));
#2524=CARTESIAN_POINT('Ctrl Pts',(0.288552299925469,-0.870567463597509,
0.162265001744367));
#2525=CARTESIAN_POINT('Ctrl Pts',(0.293831230664142,-0.877480321237243,
0.166843608863707));
#2526=CARTESIAN_POINT('Ctrl Pts',(0.310274477052884,-0.899210839780458,
0.179210947237116));
#2527=CARTESIAN_POINT('Ctrl Pts',(0.321588657333401,-0.914481351698252,
0.185546110723065));
#2528=CARTESIAN_POINT('Ctrl Pts',(0.342735464312345,-0.945764658220307,
0.19407478119331));
#2529=CARTESIAN_POINT('Ctrl Pts',(0.352718326636047,-0.961803951465635,
0.19647813778669));
#2530=CARTESIAN_POINT('Ctrl Pts',(0.361772960748238,-0.978341225180281,
0.196810620912091));
#2531=CARTESIAN_POINT('Origin',(0.538152582863,-0.719186252153571,0.290614101312824));
#2532=CARTESIAN_POINT('',(0.125316946287548,-0.684619961197106,0.0968223341252886));
#2533=CARTESIAN_POINT('',(0.538152582863,-0.684619961197106,0.0968223341252886));
#2534=CARTESIAN_POINT('',(0.224166262699609,-0.783469277609165,0.104555588638906));
#2535=CARTESIAN_POINT('Origin',(0.159883237244002,-0.719186252153582,0.290614101312776));
#2536=CARTESIAN_POINT('',(0.269514209502018,-0.843268821457335,0.137795275590558));
#2537=CARTESIAN_POINT('Ctrl Pts',(0.269514209502018,-0.843268821457334,
0.137795275590559));
#2538=CARTESIAN_POINT('Ctrl Pts',(0.26823917913334,-0.841001240130247,0.135954093289619));
#2539=CARTESIAN_POINT('Ctrl Pts',(0.266913188841008,-0.838718298887361,
0.134184254738523));
#2540=CARTESIAN_POINT('Ctrl Pts',(0.259147273202914,-0.825790381998531,
0.124599042510847));
#2541=CARTESIAN_POINT('Ctrl Pts',(0.250948134721691,-0.813887259475293,
0.117570100227941));
#2542=CARTESIAN_POINT('Ctrl Pts',(0.235979991966685,-0.795852430285963,
0.109165683565249));
#2543=CARTESIAN_POINT('Ctrl Pts',(0.230175771244492,-0.789478786154047,
0.106631867682603));
#2544=CARTESIAN_POINT('Ctrl Pts',(0.224166262699609,-0.783469277609166,
0.104555588638906));
#2545=CARTESIAN_POINT('Ctrl Pts',(0.283837321986365,-0.864187881219191,
0.157480314960631));
#2546=CARTESIAN_POINT('Ctrl Pts',(0.278542849042773,-0.85810566120955,0.15085591229097));
#2547=CARTESIAN_POINT('Ctrl Pts',(0.273944444486541,-0.851147785262661,
0.144192668502039));
#2548=CARTESIAN_POINT('Ctrl Pts',(0.269514209502018,-0.843268821457334,
0.137795275590559));
#2549=CARTESIAN_POINT('Origin',(0.0332313230384144,-0.864631322677346,0.0647140294914067));
#2550=CARTESIAN_POINT('',(0.336380929337627,-0.344548262011533,0.15748031496063));
#2551=CARTESIAN_POINT('',(0.415121086817941,-0.344548262011533,0.15748031496063));
#2552=CARTESIAN_POINT('',(0.0332313230384144,-0.344548262011533,0.15748031496063));
#2553=CARTESIAN_POINT('',(0.0332313230384144,-0.344548262011533,0.15748031496063));
#2554=CARTESIAN_POINT('',(0.0332313230384144,-0.478380993986882,0.133608809890541));
#2555=CARTESIAN_POINT('',(0.0332313230384144,-0.448384673020618,0.138959200019034));
#2556=CARTESIAN_POINT('',(0.113949926648421,-0.67325294155798,0.0988498490907394));
#2557=CARTESIAN_POINT('Origin',(0.308821874219873,-0.478380993986818,0.133608809890552));
#2558=CARTESIAN_POINT('',(0.107291591394395,-0.666594606303953,0.100037484442935));
#2559=CARTESIAN_POINT('Origin',(0.797010850597469,-0.62599890484124,0.15748031496063));
#2560=CARTESIAN_POINT('',(0.336380929337627,-0.27363670011683,0.15748031496063));
#2561=CARTESIAN_POINT('',(0.336380929337627,-0.27363670011683,0.15748031496063));
#2562=CARTESIAN_POINT('',(0.336380929337627,-0.449817802479035,0.15748031496063));
#2563=CARTESIAN_POINT('Origin',(1.61079037834646,-0.133858267716535,0.226771653543307));
#2564=CARTESIAN_POINT('',(1.56079037834646,0.00589085893828886,0.226771653543307));
#2565=CARTESIAN_POINT('',(1.66079037834646,0.00589085893828891,0.226771653543307));
#2566=CARTESIAN_POINT('',(1.63579037825149,0.00589085893828888,0.226771653543307));
#2567=CARTESIAN_POINT('',(1.66079037834646,-0.274015748031496,0.226771653543307));
#2568=CARTESIAN_POINT('',(1.66079037675769,-0.203747485519684,0.226771653543307));
#2569=CARTESIAN_POINT('',(1.56079037834646,-0.274015748031496,0.226771653543307));
#2570=CARTESIAN_POINT('',(1.61079037834646,-0.274015748031496,0.226771653543307));
#2571=CARTESIAN_POINT('',(1.56079037675769,-0.203747485186053,0.226771653543307));
#2572=CARTESIAN_POINT('Origin',(1.61079037834646,-0.274015748031496,0.33996062992126));
#2573=CARTESIAN_POINT('',(1.66079037834646,-0.274015748031496,0.228503707736704));
#2574=CARTESIAN_POINT('',(1.56079037834646,-0.274015748031496,0.22850369811507));
#2575=CARTESIAN_POINT('',(1.6107903773189,-0.274015748031496,0.228503702925887));
#2576=CARTESIAN_POINT('',(1.56079037628882,-0.274015748031496,0.16998031496063));
#2577=CARTESIAN_POINT('',(1.66079037628882,-0.274015748031496,0.16998031496063));
#2578=CARTESIAN_POINT('Origin',(1.12732581215065,-0.352376855414887,0.236220472440945));
#2579=CARTESIAN_POINT('',(1.56079037629135,-0.273636702989202,0.236220472440945));
#2580=CARTESIAN_POINT('Origin',(1.56079037576594,-0.352376860469516,0.236220472440945));
#2581=CARTESIAN_POINT('',(1.66079037629135,-0.273636702989202,0.236220472440945));
#2582=CARTESIAN_POINT('Origin',(1.66079037576594,-0.352376860469516,0.236220472440945));
#2583=CARTESIAN_POINT('',(1.12732581289672,-0.273636697934572,0.236220472440945));
#2584=CARTESIAN_POINT('Origin',(1.66079037629135,-0.273636702989202,0.));
#2585=CARTESIAN_POINT('',(1.66079037815652,0.0058908589382889,0.312992125984252));
#2586=CARTESIAN_POINT('',(1.66079037815652,0.0058908589382889,0.));
#2587=CARTESIAN_POINT('',(1.66079037722394,-0.133872923461643,0.452755905511811));
#2588=CARTESIAN_POINT('Origin',(1.66079037722394,-0.13387292058927,0.312992125984252));
#2589=CARTESIAN_POINT('',(1.66079037629135,-0.273636702989202,0.312992125984252));
#2590=CARTESIAN_POINT('Origin',(1.66079037722394,-0.133872923461643,0.312992125984252));
#2591=CARTESIAN_POINT('',(1.66079037629135,-0.273636702989202,0.));
#2592=CARTESIAN_POINT('',(1.66079037781687,-0.0481839470836898,0.312992125984252));
#2593=CARTESIAN_POINT('',(1.6607903777957,-0.0481839470836898,0.266673228346457));
#2594=CARTESIAN_POINT('',(1.6607903777957,-0.0481839470836898,0.156496062992126));
#2595=CARTESIAN_POINT('',(1.660790377533,-0.0875540258238472,0.227303149606299));
#2596=CARTESIAN_POINT('Origin',(1.660790377533,-0.0875540258238472,0.266673228346457));
#2597=CARTESIAN_POINT('',(1.66079037691487,-0.180191821099438,0.227303149606299));
#2598=CARTESIAN_POINT('',(1.66079037704353,-0.160910325036446,0.227303149606299));
#2599=CARTESIAN_POINT('',(1.66079037665217,-0.219561899839595,0.266673228346457));
#2600=CARTESIAN_POINT('Origin',(1.66079037691487,-0.180191821099438,0.266673228346457));
#2601=CARTESIAN_POINT('',(1.66079037667122,-0.219561899839595,0.312992125984252));
#2602=CARTESIAN_POINT('',(1.66079037665217,-0.219561899839595,0.11365157480315));
#2603=CARTESIAN_POINT('Origin',(1.66079037722394,-0.133872923461643,0.312992125984252));
#2604=CARTESIAN_POINT('Origin',(1.43342817409425,-0.133872921307363,0.312992125984252));
#2605=CARTESIAN_POINT('',(1.56079037629135,-0.273636702989202,0.312992125984252));
#2606=CARTESIAN_POINT('',(1.56079037722394,-0.133872923461643,0.452755905511811));
#2607=CARTESIAN_POINT('Origin',(1.56079037722394,-0.133872923461643,0.312992125984252));
#2608=CARTESIAN_POINT('',(1.43342817276998,-0.273636700834922,0.312992125984252));
#2609=CARTESIAN_POINT('',(1.43342817409425,-0.133872921307363,0.452755905511811));
#2610=CARTESIAN_POINT('Origin',(1.24514077204724,-0.133858267716535,0.226771653543307));
#2611=CARTESIAN_POINT('',(1.23264077204724,0.00589085893828875,0.226771653543307));
#2612=CARTESIAN_POINT('',(1.25764077204724,0.00589085893828878,0.226771653543307));
#2613=CARTESIAN_POINT('',(1.39046557510188,0.00589085893828882,0.226771653543307));
#2614=CARTESIAN_POINT('',(1.25764077204724,-0.274015748031496,0.226771653543307));
#2615=CARTESIAN_POINT('',(1.25764077185731,-0.0639837043891233,0.226771653543307));
#2616=CARTESIAN_POINT('',(1.23264077204724,-0.274015748031496,0.226771653543307));
#2617=CARTESIAN_POINT('',(1.24514077204724,-0.274015748031496,0.226771653543307));
#2618=CARTESIAN_POINT('',(1.23264077185731,-0.0639837043891233,0.226771653543307));
#2619=CARTESIAN_POINT('Origin',(1.24514077204724,-0.274015748031496,0.33996062992126));
#2620=CARTESIAN_POINT('',(1.25764077204724,-0.274015748031496,0.228503680974197));
#2621=CARTESIAN_POINT('',(1.23264077204724,-0.274015748031496,0.228503678568796));
#2622=CARTESIAN_POINT('',(1.24514077204724,-0.274015748031496,0.228503679771496));
#2623=CARTESIAN_POINT('',(1.23264077185731,-0.274015748031496,0.16998031496063));
#2624=CARTESIAN_POINT('',(1.25764077185731,-0.274015748031496,0.16998031496063));
#2625=CARTESIAN_POINT('Origin',(1.00232581215065,-0.352376855414887,0.236220472440945));
#2626=CARTESIAN_POINT('',(1.25764077185731,-0.27363670011683,0.236220472440945));
#2627=CARTESIAN_POINT('Origin',(1.25764077185731,-0.352376857597144,0.236220472440945));
#2628=CARTESIAN_POINT('',(1.23264077185731,-0.27363670011683,0.236220472440945));
#2629=CARTESIAN_POINT('',(1.00232581289672,-0.273636697934572,0.236220472440945));
#2630=CARTESIAN_POINT('Origin',(1.23264077185731,-0.352376857597144,0.236220472440945));
#2631=CARTESIAN_POINT('Origin',(1.30842817409425,-0.133872921307363,0.312992125984252));
#2632=CARTESIAN_POINT('',(1.25764077185731,-0.13387292058927,0.452755905511811));
#2633=CARTESIAN_POINT('',(1.25764077185731,-0.27363670011683,0.312992125984252));
#2634=CARTESIAN_POINT('Origin',(1.25764077185731,-0.13387292058927,0.312992125984252));
#2635=CARTESIAN_POINT('',(1.23264077185731,-0.13387292058927,0.452755905511811));
#2636=CARTESIAN_POINT('',(1.30842817409425,-0.133872921307363,0.452755905511811));
#2637=CARTESIAN_POINT('',(1.23264077185731,-0.27363670011683,0.312992125984252));
#2638=CARTESIAN_POINT('Origin',(1.23264077185731,-0.13387292058927,0.312992125984252));
#2639=CARTESIAN_POINT('',(1.30842817276998,-0.273636700834922,0.312992125984252));
#2640=CARTESIAN_POINT('Origin',(1.23264077185731,0.00589085893828874,0.));
#2641=CARTESIAN_POINT('',(1.23264077185731,-0.27363670011683,0.));
#2642=CARTESIAN_POINT('',(1.23264077185731,0.00589085893828874,0.312992125984252));
#2643=CARTESIAN_POINT('Origin',(1.23264077185731,-0.13387292058927,0.312992125984252));
#2644=CARTESIAN_POINT('',(1.23264077185731,0.00589085893828874,0.));
#2645=CARTESIAN_POINT('',(1.23264077185731,-0.0481839470836898,0.266673228346457));
#2646=CARTESIAN_POINT('',(1.23264077185731,-0.0481839470836898,0.312992125984252));
#2647=CARTESIAN_POINT('',(1.23264077185731,-0.0481839470836898,0.156496062992126));
#2648=CARTESIAN_POINT('',(1.23264077185731,-0.219561899839595,0.312992125984252));
#2649=CARTESIAN_POINT('Origin',(1.23264077185731,-0.133872923461643,0.312992125984252));
#2650=CARTESIAN_POINT('',(1.23264077185731,-0.219561899839595,0.266673228346457));
#2651=CARTESIAN_POINT('',(1.23264077185731,-0.219561899839595,0.11365157480315));
#2652=CARTESIAN_POINT('',(1.23264077185731,-0.180191821099438,0.227303149606299));
#2653=CARTESIAN_POINT('Origin',(1.23264077185731,-0.180191821099438,0.266673228346457));
#2654=CARTESIAN_POINT('',(1.23264077185731,-0.0875540258238472,0.227303149606299));
#2655=CARTESIAN_POINT('',(1.23264077185731,-0.0211465440727004,0.227303149606299));
#2656=CARTESIAN_POINT('Origin',(1.23264077185731,-0.0875540258238472,0.266673228346457));
#2657=CARTESIAN_POINT('Origin',(1.25764077185731,0.00589085893828874,0.));
#2658=CARTESIAN_POINT('',(1.25764077185731,0.00589085893828874,0.2193333784199));
#2659=CARTESIAN_POINT('',(1.25764077185731,0.00589085893828874,0.));
#2660=CARTESIAN_POINT('',(1.25764077185731,-0.0517652864974303,0.0801391301548323));
#2661=CARTESIAN_POINT('Origin',(1.25764077185731,-0.190959534762499,0.2193333784199));
#2662=CARTESIAN_POINT('',(1.25764077185731,-0.0742482712165433,0.0576561454357189));
#2663=CARTESIAN_POINT('',(1.25764077185731,-0.063006778856987,0.0688976377952756));
#2664=CARTESIAN_POINT('',(1.25764077185731,-0.213442519481612,0.));
#2665=CARTESIAN_POINT('Origin',(1.25764077185731,-0.213442519481612,0.196850393700787));
#2666=CARTESIAN_POINT('',(1.25764077185731,-0.27363670011683,0.));
#2667=CARTESIAN_POINT('',(1.25764077185731,-0.27363670011683,0.));
#2668=CARTESIAN_POINT('',(1.25764077185731,-0.27363670011683,0.15748031496063));
#2669=CARTESIAN_POINT('',(1.25764077185731,-0.27363670011683,0.));
#2670=CARTESIAN_POINT('',(1.25764077185731,-0.344548262011533,0.15748031496063));
#2671=CARTESIAN_POINT('',(1.25764077185731,-0.310054022951475,0.15748031496063));
#2672=CARTESIAN_POINT('',(1.25764077185731,-0.352376857597144,0.15748031496063));
#2673=CARTESIAN_POINT('',(1.25764077185731,-0.310054022951475,0.15748031496063));
#2674=CARTESIAN_POINT('Origin',(1.25764077185731,-0.352376857597144,0.236220472440945));
#2675=CARTESIAN_POINT('Origin',(-0.0167686767716535,-0.133858267716535,
0.226771653543307));
#2676=CARTESIAN_POINT('',(-0.0667686767716535,0.00589085893828873,0.226771653543307));
#2677=CARTESIAN_POINT('',(0.0332313232283465,0.00589085893828873,0.226771653543307));
#2678=CARTESIAN_POINT('',(0.109806126282987,0.00589085893828874,0.226771653543307));
#2679=CARTESIAN_POINT('',(0.0332313232283465,-0.274015748031496,0.226771653543307));
#2680=CARTESIAN_POINT('',(0.0332313230384144,-0.0639837043891233,0.226771653543307));
#2681=CARTESIAN_POINT('',(-0.0667686767716535,-0.274015748031496,0.226771653543307));
#2682=CARTESIAN_POINT('',(-0.0167686767716535,-0.274015748031496,0.226771653543307));
#2683=CARTESIAN_POINT('',(-0.0667686769615856,-0.0639837043891233,0.226771653543307));
#2684=CARTESIAN_POINT('Origin',(-0.0167686767716535,-0.274015748031496,
0.33996062992126));
#2685=CARTESIAN_POINT('',(0.0332313232283465,-0.274015748031496,0.228503678568791));
#2686=CARTESIAN_POINT('',(-0.0667686767716535,-0.274015748031496,0.228503678568792));
#2687=CARTESIAN_POINT('',(0.315121086817941,-0.274015748031496,0.228503678568791));
#2688=CARTESIAN_POINT('',(-0.0667686769615856,-0.274015748031496,0.16998031496063));
#2689=CARTESIAN_POINT('',(0.0332313230384144,-0.274015748031496,0.16998031496063));
#2690=CARTESIAN_POINT('Origin',(-0.0667686769615856,0.00589085893828874,
0.));
#2691=CARTESIAN_POINT('',(-0.0667686769615856,-0.27363670011683,0.236220472440945));
#2692=CARTESIAN_POINT('Origin',(-0.0667686769615856,-0.352376857597144,
0.236220472440945));
#2693=CARTESIAN_POINT('',(-0.0667686769615856,-0.27363670011683,0.312992125984252));
#2694=CARTESIAN_POINT('',(-0.0667686769615856,-0.27363670011683,0.));
#2695=CARTESIAN_POINT('',(-0.0667686769615856,0.00589085893828874,0.312992125984252));
#2696=CARTESIAN_POINT('Origin',(-0.0667686769615856,-0.13387292058927,0.312992125984252));
#2697=CARTESIAN_POINT('',(-0.0667686769615856,0.00589085893828874,0.));
#2698=CARTESIAN_POINT('',(-0.0667686769615856,-0.0481839470836906,0.266673228346457));
#2699=CARTESIAN_POINT('',(-0.0667686769615856,-0.0481839470836906,0.312992125984252));
#2700=CARTESIAN_POINT('',(-0.0667686769615856,-0.0481839470836906,0.156496062992126));
#2701=CARTESIAN_POINT('',(-0.0667686769615856,-0.219561899839596,0.312992125984252));
#2702=CARTESIAN_POINT('Origin',(-0.0667686769615856,-0.133872923461643,
0.312992125984252));
#2703=CARTESIAN_POINT('',(-0.0667686769615856,-0.219561899839596,0.266673228346457));
#2704=CARTESIAN_POINT('',(-0.0667686769615856,-0.219561899839596,0.11365157480315));
#2705=CARTESIAN_POINT('',(-0.0667686769615856,-0.180191821099439,0.227303149606299));
#2706=CARTESIAN_POINT('Origin',(-0.0667686769615856,-0.180191821099439,
0.266673228346457));
#2707=CARTESIAN_POINT('',(-0.0667686769615856,-0.087554025823848,0.227303149606299));
#2708=CARTESIAN_POINT('',(-0.0667686769615856,-0.0211465440727006,0.227303149606299));
#2709=CARTESIAN_POINT('Origin',(-0.0667686769615856,-0.087554025823848,
0.266673228346457));
#2710=CARTESIAN_POINT('Origin',(0.0332313230384144,0.00589085893828874,
0.));
#2711=CARTESIAN_POINT('',(0.0332313230384144,0.00589085893828874,0.219333378419901));
#2712=CARTESIAN_POINT('',(0.0332313230384144,0.00589085893828874,0.));
#2713=CARTESIAN_POINT('',(0.0332313230384144,-0.0517652864974303,0.0801391301548323));
#2714=CARTESIAN_POINT('Origin',(0.0332313230384144,-0.190959534762499,0.219333378419901));
#2715=CARTESIAN_POINT('',(0.0332313230384144,-0.0742482712165433,0.0576561454357189));
#2716=CARTESIAN_POINT('',(0.0332313230384144,-0.063006778856987,0.0688976377952756));
#2717=CARTESIAN_POINT('',(0.0332313230384144,-0.213442519481612,0.));
#2718=CARTESIAN_POINT('Origin',(0.0332313230384144,-0.213442519481612,0.196850393700787));
#2719=CARTESIAN_POINT('',(0.0332313230384144,-0.478380993986882,0.));
#2720=CARTESIAN_POINT('',(0.0332313230384144,0.00589085893828874,0.));
#2721=CARTESIAN_POINT('',(0.0332313230384144,-0.478380993986882,0.));
#2722=CARTESIAN_POINT('',(0.0332313230384144,-0.352376857597144,0.15748031496063));
#2723=CARTESIAN_POINT('',(0.0332313230384144,-0.169328701536622,0.15748031496063));
#2724=CARTESIAN_POINT('Origin',(0.0332313230384144,-0.352376857597144,0.236220472440945));
#2725=CARTESIAN_POINT('Origin',(0.348880929527559,-0.133858267716535,0.226771653543307));
#2726=CARTESIAN_POINT('',(0.336380929527559,0.00589085893828873,0.226771653543307));
#2727=CARTESIAN_POINT('',(0.361380929527559,0.00589085893828873,0.226771653543307));
#2728=CARTESIAN_POINT('',(0.355130929432593,0.00589085893828874,0.226771653543307));
#2729=CARTESIAN_POINT('',(0.361380929527559,-0.274015748031496,0.226771653543307));
#2730=CARTESIAN_POINT('',(0.361380929337627,-0.203747483916682,0.226771653543307));
#2731=CARTESIAN_POINT('',(0.336380929527559,-0.274015748031496,0.226771653543307));
#2732=CARTESIAN_POINT('',(0.348880929527559,-0.274015748031496,0.226771653543307));
#2733=CARTESIAN_POINT('',(0.336380929337627,-0.203747483916682,0.226771653543307));
#2734=CARTESIAN_POINT('Origin',(0.348880929527559,-0.274015748031496,0.33996062992126));
#2735=CARTESIAN_POINT('',(0.361380929527559,-0.274015748031496,0.228503678568791));
#2736=CARTESIAN_POINT('',(0.336380929527559,-0.274015748031496,0.228503678568791));
#2737=CARTESIAN_POINT('',(0.440121086817941,-0.274015748031496,0.228503678568791));
#2738=CARTESIAN_POINT('',(0.336380929337627,-0.274015748031496,0.16998031496063));
#2739=CARTESIAN_POINT('',(0.361380929337627,-0.274015748031496,0.16998031496063));
#2740=CARTESIAN_POINT('Origin',(0.361380929337627,-0.27363670011683,0.));
#2741=CARTESIAN_POINT('',(0.361380929337627,0.00589085893828874,0.312992125984252));
#2742=CARTESIAN_POINT('',(0.361380929337627,0.00589085893828874,0.));
#2743=CARTESIAN_POINT('',(0.361380929337627,-0.27363670011683,0.312992125984252));
#2744=CARTESIAN_POINT('Origin',(0.361380929337627,-0.13387292058927,0.312992125984252));
#2745=CARTESIAN_POINT('',(0.361380929337627,-0.27363670011683,0.236220472440945));
#2746=CARTESIAN_POINT('',(0.361380929337627,-0.27363670011683,0.));
#2747=CARTESIAN_POINT('Origin',(0.361380929337627,-0.352376857597144,0.236220472440945));
#2748=CARTESIAN_POINT('',(0.361380929337627,-0.0481839470836902,0.312992125984252));
#2749=CARTESIAN_POINT('',(0.361380929337627,-0.0481839470836902,0.266673228346457));
#2750=CARTESIAN_POINT('',(0.361380929337627,-0.0481839470836902,0.156496062992126));
#2751=CARTESIAN_POINT('',(0.361380929337627,-0.0875540258238476,0.227303149606299));
#2752=CARTESIAN_POINT('Origin',(0.361380929337627,-0.0875540258238476,0.266673228346457));
#2753=CARTESIAN_POINT('',(0.361380929337627,-0.180191821099438,0.227303149606299));
#2754=CARTESIAN_POINT('',(0.361380929337627,-0.160910323600259,0.227303149606299));
#2755=CARTESIAN_POINT('',(0.361380929337627,-0.219561899839596,0.266673228346457));
#2756=CARTESIAN_POINT('Origin',(0.361380929337627,-0.180191821099438,0.266673228346457));
#2757=CARTESIAN_POINT('',(0.361380929337627,-0.219561899839596,0.312992125984252));
#2758=CARTESIAN_POINT('',(0.361380929337627,-0.219561899839596,0.11365157480315));
#2759=CARTESIAN_POINT('Origin',(0.361380929337627,-0.133872923461643,0.312992125984252));
#2760=CARTESIAN_POINT('Origin',(1.23008171670333,-1.15946347177037,0.137795275590551));
#2761=CARTESIAN_POINT('',(1.28913683481357,-1.1397784324003,0.137795275590551));
#2762=CARTESIAN_POINT('Origin',(1.23008171670333,-1.1397784324003,0.137795275590551));
#2763=CARTESIAN_POINT('',(1.28913683481357,-0.978341224690012,0.137795275590551));
#2764=CARTESIAN_POINT('',(1.28913683481357,-1.15946347177037,0.137795275590551));
#2765=CARTESIAN_POINT('',(1.2322487406434,-0.978341224690012,0.196810620902234));
#2766=CARTESIAN_POINT('Origin',(1.23008171670333,-0.978341224690012,0.137795275590551));
#2767=CARTESIAN_POINT('Origin',(1.22895578541277,-0.982100028024271,0.0680291792163316));
#2768=CARTESIAN_POINT('Origin',(0.550947858435618,-1.19883355051053,0.137795275590551));
#2769=CARTESIAN_POINT('',(0.422995102530106,-1.25788866862077,0.137795275590551));
#2770=CARTESIAN_POINT('Origin',(0.422995102530106,-1.19883355051053,0.137795275590551));
#2771=CARTESIAN_POINT('',(1.1710265985931,-1.25788866862077,0.137795275590551));
#2772=CARTESIAN_POINT('',(0.550947858435618,-1.25788866862077,0.137795275590551));
#2773=CARTESIAN_POINT('Origin',(1.1710265985931,-1.19883355051053,0.137795275590551));
#2774=CARTESIAN_POINT('Origin',(1.56472738599467,-0.978341224690012,0.));
#2775=CARTESIAN_POINT('',(1.32450749134525,-0.843268821457799,0.137795275590936));
#2776=CARTESIAN_POINT('Origin',(1.56472738599467,-0.978341224690012,0.137795275590551));
#2777=CARTESIAN_POINT('',(1.28913683481357,-0.978341224690012,0.));
#2778=CARTESIAN_POINT('',(1.28913683481357,-0.978341224690012,0.));
#2779=CARTESIAN_POINT('',(1.36985543783177,-0.783469277710721,0.));
#2780=CARTESIAN_POINT('Origin',(1.56472738599467,-0.978341224690012,0.));
#2781=CARTESIAN_POINT('',(1.36985543783179,-0.783469277710705,0.104555588673987));
#2782=CARTESIAN_POINT('',(1.36985543783177,-0.783469277710721,0.));
#2783=CARTESIAN_POINT('Ctrl Pts',(1.32450749134525,-0.843268821457799,0.137795275590937));
#2784=CARTESIAN_POINT('Ctrl Pts',(1.3257825217372,-0.841001240078482,0.135954093247577));
#2785=CARTESIAN_POINT('Ctrl Pts',(1.32710851205508,-0.838718298782464,0.134184254657193));
#2786=CARTESIAN_POINT('Ctrl Pts',(1.33487442771444,-0.825790381817095,0.12459904239284));
#2787=CARTESIAN_POINT('Ctrl Pts',(1.3430735661904,-0.813887259267912,0.117570100112944));
#2788=CARTESIAN_POINT('Ctrl Pts',(1.35804170882917,-0.795852430174105,0.109165683523423));
#2789=CARTESIAN_POINT('Ctrl Pts',(1.36384592942037,-0.789478786158625,0.106631867687856));
#2790=CARTESIAN_POINT('Ctrl Pts',(1.36985543783179,-0.783469277710705,0.104555588673988));
#2791=CARTESIAN_POINT('Origin',(1.1710265985931,-1.1397784324003,0.));
#2792=CARTESIAN_POINT('',(1.1710265985931,-1.25788866862077,0.));
#2793=CARTESIAN_POINT('',(1.28913683481357,-1.1397784324003,0.));
#2794=CARTESIAN_POINT('Origin',(1.1710265985931,-1.1397784324003,0.));
#2795=CARTESIAN_POINT('',(1.28913683481357,-1.1397784324003,0.));
#2796=CARTESIAN_POINT('Origin',(1.1710265985931,-1.1397784324003,0.137795275590551));
#2797=CARTESIAN_POINT('',(1.1710265985931,-1.25788866862077,0.));
#2798=CARTESIAN_POINT('Origin',(0.422995102530106,-1.1397784324003,0.));
#2799=CARTESIAN_POINT('',(0.304884866309633,-1.1397784324003,0.));
#2800=CARTESIAN_POINT('',(0.422995102530106,-1.25788866862077,0.));
#2801=CARTESIAN_POINT('Origin',(0.422995102530106,-1.1397784324003,0.));
#2802=CARTESIAN_POINT('',(0.422995102530106,-1.25788866862077,0.));
#2803=CARTESIAN_POINT('Origin',(0.422995102530106,-1.1397784324003,0.137795275590551));
#2804=CARTESIAN_POINT('',(0.304884866309633,-1.1397784324003,0.));
#2805=CARTESIAN_POINT('Origin',(0.029294315128531,-0.978341225180279,0.));
#2806=CARTESIAN_POINT('Origin',(0.029294315128531,-0.978341225180279,0.137795275590551));
#2807=CARTESIAN_POINT('',(0.224166262699627,-0.783469277609185,0.));
#2808=CARTESIAN_POINT('',(0.224166262699627,-0.783469277609185,0.));
#2809=CARTESIAN_POINT('',(0.304884866309633,-0.978341225180279,0.));
#2810=CARTESIAN_POINT('Origin',(0.029294315128531,-0.978341225180279,0.));
#2811=CARTESIAN_POINT('',(0.304884866309633,-0.978341225180279,0.));
#2812=CARTESIAN_POINT('Origin',(0.298487228550226,-0.190959534762499,0.219333378419901));
#2813=CARTESIAN_POINT('',(0.336380929337627,0.00589085893828874,0.219333378419901));
#2814=CARTESIAN_POINT('',(0.298487228550226,0.00589085893828874,0.219333378419901));
#2815=CARTESIAN_POINT('',(0.336380929337627,-0.0517652864974303,0.0801391301548323));
#2816=CARTESIAN_POINT('Origin',(0.336380929337627,-0.190959534762499,0.219333378419901));
#2817=CARTESIAN_POINT('',(0.298487228550226,-0.0517652864974303,0.0801391301548323));
#2818=CARTESIAN_POINT('Origin',(0.222699826975422,-0.213442519481612,0.196850393700787));
#2819=CARTESIAN_POINT('',(0.336380929337627,-0.0742482712165433,0.0576561454357189));
#2820=CARTESIAN_POINT('',(0.336380929337627,-0.213442519481612,0.));
#2821=CARTESIAN_POINT('Origin',(0.336380929337627,-0.213442519481612,0.196850393700787));
#2822=CARTESIAN_POINT('',(0.222699826975422,-0.213442519481612,0.));
#2823=CARTESIAN_POINT('',(0.222699826975422,-0.0742482712165433,0.0576561454357189));
#2824=CARTESIAN_POINT('Origin',(0.528802189180146,-0.213442519481612,0.196850393700787));
#2825=CARTESIAN_POINT('',(1.56079037762179,-0.0742482712165433,0.0576561454357189));
#2826=CARTESIAN_POINT('',(1.560790376693,-0.213442519481612,0.));
#2827=CARTESIAN_POINT('Origin',(1.560790376693,-0.213442519481612,0.196850393700787));
#2828=CARTESIAN_POINT('',(0.528802189180146,-0.213442519481612,0.));
#2829=CARTESIAN_POINT('',(0.528802189180146,-0.0742482712165441,0.0576561454357189));
#2830=CARTESIAN_POINT('Origin',(1.2167943151644,-0.190959534762499,0.2193333784199));
#2831=CARTESIAN_POINT('',(1.56079037815652,0.0058908589382889,0.2193333784199));
#2832=CARTESIAN_POINT('',(1.2167943151644,0.0058908589382887,0.2193333784199));
#2833=CARTESIAN_POINT('',(1.56079037777181,-0.0517652864974303,0.0801391301548323));
#2834=CARTESIAN_POINT('Origin',(1.56079037684302,-0.190959534762498,0.2193333784199));
#2835=CARTESIAN_POINT('',(1.2167943151644,-0.0517652864974303,0.0801391301548323));
#2836=CARTESIAN_POINT('Origin',(1.28519982573203,-0.478380993998839,0.));
#2837=CARTESIAN_POINT('',(1.48007177389493,-0.67325294097813,0.));
#2838=CARTESIAN_POINT('',(1.56079037691313,-0.478380993161902,0.));
#2839=CARTESIAN_POINT('Origin',(1.28519982573203,-0.478380993998839,0.));
#2840=CARTESIAN_POINT('',(1.56079037691313,-0.478380993161902,0.133608810037692));
#2841=CARTESIAN_POINT('',(1.56079037691313,-0.478380993161902,0.));
#2842=CARTESIAN_POINT('',(1.48007177389493,-0.67325294097813,0.0988498491941661));
#2843=CARTESIAN_POINT('Origin',(1.28519982573419,-0.478380994000333,0.133608809888148));
#2844=CARTESIAN_POINT('',(1.48007177389493,-0.67325294097813,0.));
#2845=CARTESIAN_POINT('Origin',(0.308821874219517,-0.478380993986882,0.));
#2846=CARTESIAN_POINT('',(0.113949926648421,-0.67325294155798,0.));
#2847=CARTESIAN_POINT('Origin',(0.308821874219517,-0.478380993986882,0.));
#2848=CARTESIAN_POINT('',(0.113949926648421,-0.67325294155798,0.));
#2849=CARTESIAN_POINT('Origin',(1.02362206249725,-1.06103827491998,0.196850393700787));
#2850=CARTESIAN_POINT('Origin',(1.02362206249725,-1.06103827491998,0.125984251968504));
#2851=CARTESIAN_POINT('Origin',(0.511811031248626,-1.06103827491998,0.196850393700787));
#2852=CARTESIAN_POINT('',(0.570866149358862,-1.06103827491998,0.));
#2853=CARTESIAN_POINT('',(0.570866149358862,-1.06103827491998,0.196850393700787));
#2854=CARTESIAN_POINT('Origin',(0.511811031248626,-1.06103827491998,0.));
#2855=CARTESIAN_POINT('Origin',(1.02362206249725,-1.06103827491998,0.196850393700787));
#2856=CARTESIAN_POINT('',(1.08267718060749,-1.06103827491998,0.125984251968504));
#2857=CARTESIAN_POINT('Origin',(1.02362206249725,-1.06103827491998,0.125984251968504));
#2858=CARTESIAN_POINT('',(1.08267718060749,-1.06103827491998,0.));
#2859=CARTESIAN_POINT('',(1.08267718060749,-1.06103827491998,0.196850393700787));
#2860=CARTESIAN_POINT('Origin',(1.02362206249725,-1.06103827491998,0.));
#2861=CARTESIAN_POINT('Origin',(1.56079037811722,-0.0875540258238472,0.266673228346457));
#2862=CARTESIAN_POINT('',(1.56079037811722,-0.0481839470836898,0.266673228346457));
#2863=CARTESIAN_POINT('',(1.66079037811722,-0.0875540258238472,0.227303149606299));
#2864=CARTESIAN_POINT('Origin',(1.56079037811722,-0.180191821099438,0.266673228346457));
#2865=CARTESIAN_POINT('',(1.56079037811722,-0.180191821099438,0.227303149606299));
#2866=CARTESIAN_POINT('',(1.66079037811722,-0.219561899839595,0.266673228346457));
#2867=CARTESIAN_POINT('Origin',(1.02732581215065,-0.352376855414887,0.236220472440945));
#2868=CARTESIAN_POINT('',(1.56079037613654,-0.352376860469516,0.15748031496063));
#2869=CARTESIAN_POINT('Origin',(1.56079037576594,-0.352376860469516,0.236220472440945));
#2870=CARTESIAN_POINT('',(1.02732581289672,-0.273636697934572,0.236220472440945));
#2871=CARTESIAN_POINT('',(1.02732581215065,-0.352376855414887,0.15748031496063));
#2872=CARTESIAN_POINT('Origin',(1.48500297658172,-0.13387292058927,0.312992125984252));
#2873=CARTESIAN_POINT('',(1.48500297658172,0.00589085893828886,0.312992125984252));
#2874=CARTESIAN_POINT('',(1.33342817409425,-0.133872921307363,0.452755905511811));
#2875=CARTESIAN_POINT('Origin',(1.33342817409425,-0.133872921307363,0.312992125984252));
#2876=CARTESIAN_POINT('',(1.33342817276998,-0.273636700834922,0.312992125984252));
#2877=CARTESIAN_POINT('Origin',(1.56079037811722,-0.180191821099438,0.266673228346457));
#2878=CARTESIAN_POINT('',(1.56079037811722,-0.180191821099438,0.227303149606299));
#2879=CARTESIAN_POINT('',(1.58579037811722,-0.219561899839595,0.266673228346457));
#2880=CARTESIAN_POINT('Origin',(1.56079037811722,-0.0875540258238472,0.266673228346457));
#2881=CARTESIAN_POINT('',(1.56079037811722,-0.0481839470836898,0.266673228346457));
#2882=CARTESIAN_POINT('',(1.58579037811722,-0.0875540258238472,0.227303149606299));
#2883=CARTESIAN_POINT('Origin',(0.415121086817941,-0.352376857597144,0.236220472440945));
#2884=CARTESIAN_POINT('',(0.336380929337627,-0.352376857597144,0.15748031496063));
#2885=CARTESIAN_POINT('',(0.415121086817941,-0.352376857597144,0.15748031496063));
#2886=CARTESIAN_POINT('Origin',(0.336380929337627,-0.352376857597144,0.236220472440945));
#2887=CARTESIAN_POINT('',(0.315121086817941,-0.27363670011683,0.236220472440945));
#2888=CARTESIAN_POINT('Origin',(0.260593527762824,-0.13387292058927,0.312992125984252));
#2889=CARTESIAN_POINT('',(0.260593527762824,0.00589085893828874,0.312992125984252));
#2890=CARTESIAN_POINT('',(0.134018724613218,-0.27363670011683,0.312992125984252));
#2891=CARTESIAN_POINT('Origin',(0.336380929337627,0.00589085893828874,0.));
#2892=CARTESIAN_POINT('',(0.336380929337627,0.00589085893828874,0.));
#2893=CARTESIAN_POINT('Origin',(1.56079037815652,0.0058908589382889,0.));
#2894=CARTESIAN_POINT('',(1.56079037815652,0.0058908589382889,0.));
#2895=CARTESIAN_POINT('Origin',(1.56079037629135,-0.273636702989202,0.));
#2896=CARTESIAN_POINT('',(1.56079037648653,-0.344548262011533,0.15748031496063));
#2897=CARTESIAN_POINT('',(1.56079037629135,-0.273636702989202,0.15748031496063));
#2898=CARTESIAN_POINT('',(1.56079037629135,-0.273636702989202,0.15748031496063));
#2899=CARTESIAN_POINT('',(1.56079037629135,-0.273636702989202,0.15748031496063));
#2900=CARTESIAN_POINT('',(1.56079037629135,-0.273636702989202,0.));
#2901=CARTESIAN_POINT('',(1.56079037629135,-0.273636702989202,0.));
#2902=CARTESIAN_POINT('',(1.56079037815652,0.0058908589382889,0.));
#2903=CARTESIAN_POINT('',(1.5607903772305,-0.132888670486534,-0.000984253834271866));
#2904=CARTESIAN_POINT('Origin',(1.25764077185731,-0.27363670011683,0.));
#2905=CARTESIAN_POINT('',(0.336380929337627,-0.27363670011683,0.15748031496063));
#2906=CARTESIAN_POINT('',(0.336380929337627,-0.27363670011683,0.));
#2907=CARTESIAN_POINT('',(0.336380929337627,-0.27363670011683,0.));
#2908=CARTESIAN_POINT('',(0.336380929337627,-0.27363670011683,0.));
#2909=CARTESIAN_POINT('Origin',(1.28913683481357,-0.864187881219193,0.));
#2910=CARTESIAN_POINT('',(1.468704753745,-0.684619961197106,0.0968223341252886));
#2911=CARTESIAN_POINT('',(0.977120250887071,-1.17620446704081,0.0091392849158724));
#2912=CARTESIAN_POINT('Origin',(1.43413846299847,-0.719186252153617,0.290614101312573));
#2913=CARTESIAN_POINT('',(1.56079037725981,-0.592534337122988,0.));
#2914=CARTESIAN_POINT('Origin',(0.0332313230384144,-0.27363670011683,0.));
#2915=CARTESIAN_POINT('Origin',(1.56079037811722,-0.133872923461643,0.312992125984252));
#2916=CARTESIAN_POINT('',(1.56079037811722,-0.0481839470836898,0.312992125984252));
#2917=CARTESIAN_POINT('',(1.46079037811722,-0.219561899839595,0.312992125984252));
#2918=CARTESIAN_POINT('Origin',(1.56079037811722,-0.219561899839595,0.227303149606299));
#2919=CARTESIAN_POINT('Origin',(1.56079037811722,-0.0481839470836898,0.312992125984252));
#2920=CARTESIAN_POINT('Origin',(1.56079037811722,-0.0481839470836898,0.227303149606299));
#2921=CARTESIAN_POINT('Origin',(0.797010850597469,-0.62599890484124,0.15748031496063));
#2922=CARTESIAN_POINT('',(0.415121086817941,-0.344548262011533,0.15748031496063));
#2923=CARTESIAN_POINT('Origin',(1.25764077185731,-0.27363670011683,0.));
#2924=CARTESIAN_POINT('Origin',(1.56079037811722,-0.133872923461643,0.312992125984252));
#2925=CARTESIAN_POINT('',(1.56079037811722,-0.0481839470836898,0.312992125984252));
#2926=CARTESIAN_POINT('',(1.66079037811722,-0.219561899839595,0.312992125984252));
#2927=CARTESIAN_POINT('Origin',(1.56079037811722,-0.219561899839595,0.227303149606299));
#2928=CARTESIAN_POINT('Origin',(1.56079037811722,-0.0481839470836898,0.227303149606299));
#2929=CARTESIAN_POINT('Origin',(1.56079037811722,-0.0481839470836898,0.312992125984252));
#2930=CARTESIAN_POINT('Origin',(0.0332313230384144,-0.344548262011533,0.15748031496063));
#2931=CARTESIAN_POINT('',(0.0332313230384144,-0.344548262011533,0.15748031496063));
#2932=CARTESIAN_POINT('Origin',(0.0332313230384144,-0.344548262011533,0.15748031496063));
#2933=CARTESIAN_POINT('',(0.336380929337627,-0.449817802479035,0.15748031496063));
#2934=CARTESIAN_POINT('Origin',(1.02362206249725,-1.06103827491998,0.125984251968504));
#2935=CARTESIAN_POINT('Origin',(0.0332313230384144,-0.864631322677346,0.0647140294914067));
#2936=CARTESIAN_POINT('',(0.538152582863,-0.684619961197106,0.0968223341252886));
#2937=CARTESIAN_POINT('',(1.5607903777027,-0.738371281297717,0.087234807282139));
#2938=CARTESIAN_POINT('Origin',(0.0332313230384144,-0.592534337947973,0.));
#2939=CARTESIAN_POINT('',(0.304884866309633,-0.864187881219193,0.));
#2940=CARTESIAN_POINT('Origin',(1.56079037725981,-0.592534337122988,0.));
#2941=CARTESIAN_POINT('',(1.56079037629135,-0.273636702989202,0.));
#2942=CARTESIAN_POINT('Origin',(0.184806126188021,-0.13387292058927,0.));
#2943=CARTESIAN_POINT('',(0.336380929337627,0.00589085893828874,0.));
#2944=CARTESIAN_POINT('',(1.28913683481357,-1.25788866862077,0.));
#2945=CARTESIAN_POINT('',(0.304884866309633,-1.25788866862077,0.));
#2946=CARTESIAN_POINT('',(0.304884866309633,-0.864187881219193,0.));
#2947=CARTESIAN_POINT('Origin',(0.872798252172272,-0.063006778856987,0.0688976377952756));
#2948=CARTESIAN_POINT('Origin',(0.336380929337627,-0.27363670011683,0.));
#2949=CARTESIAN_POINT('',(0.336380929337627,-0.132888668620767,-0.000984251968503913));
#2950=CARTESIAN_POINT('Origin',(0.260593527762824,-0.063006778856987,0.0688976377952756));
#2951=CARTESIAN_POINT('Origin',(0.304884866309633,-0.864187881219193,0.));
#2952=CARTESIAN_POINT('Origin',(0.304884866309633,-1.25788866862077,0.));
#2953=CARTESIAN_POINT('Origin',(1.28913683481357,-1.25788866862077,0.));
#2954=CARTESIAN_POINT('Ctrl Pts',(0.422995102530103,-1.19883355051053,0.196850393700788));
#2955=CARTESIAN_POINT('Ctrl Pts',(0.363939984419868,-1.19883355051053,0.196850393700786));
#2956=CARTESIAN_POINT('Ctrl Pts',(0.363939984419871,-1.1397784324003,0.196850393700788));
#2957=CARTESIAN_POINT('Ctrl Pts',(0.422995102530103,-1.25788866862077,0.196850393700789));
#2958=CARTESIAN_POINT('Ctrl Pts',(0.304884866309627,-1.25788866862077,0.196850393700786));
#2959=CARTESIAN_POINT('Ctrl Pts',(0.304884866309633,-1.1397784324003,0.196850393700789));
#2960=CARTESIAN_POINT('Ctrl Pts',(0.422995102530104,-1.25788866862077,0.137795275590551));
#2961=CARTESIAN_POINT('Ctrl Pts',(0.304884866309628,-1.25788866862077,0.137795275590549));
#2962=CARTESIAN_POINT('Ctrl Pts',(0.304884866309634,-1.1397784324003,0.137795275590551));
#2963=CARTESIAN_POINT('Ctrl Pts',(1.23008171670333,-1.13977843240029,0.196850393700787));
#2964=CARTESIAN_POINT('Ctrl Pts',(1.23008171670333,-1.19883355051053,0.196850393700787));
#2965=CARTESIAN_POINT('Ctrl Pts',(1.17102659859309,-1.19883355051053,0.196850393700787));
#2966=CARTESIAN_POINT('Ctrl Pts',(1.28913683481357,-1.13977843240029,0.196850393700789));
#2967=CARTESIAN_POINT('Ctrl Pts',(1.28913683481357,-1.25788866862077,0.196850393700789));
#2968=CARTESIAN_POINT('Ctrl Pts',(1.17102659859309,-1.25788866862077,0.196850393700788));
#2969=CARTESIAN_POINT('Ctrl Pts',(1.28913683481357,-1.13977843240029,0.137795275590551));
#2970=CARTESIAN_POINT('Ctrl Pts',(1.28913683481357,-1.25788866862077,0.137795275590551));
#2971=CARTESIAN_POINT('Ctrl Pts',(1.1710265985931,-1.25788866862077,0.137795275590551));
#2972=CARTESIAN_POINT('Origin',(1.56472738599467,-0.978341224690012,0.137795275590551));
#2973=CARTESIAN_POINT('',(1.31018437891697,-0.864187881219193,0.15748031496063));
#2974=CARTESIAN_POINT('Ctrl Pts',(1.2322487406434,-0.978341224690015,0.196810620902234));
#2975=CARTESIAN_POINT('Ctrl Pts',(1.24130337450582,-0.961803951430071,0.196478137744763));
#2976=CARTESIAN_POINT('Ctrl Pts',(1.25128623665473,-0.945764658382853,0.194074781228753));
#2977=CARTESIAN_POINT('Ctrl Pts',(1.27243304359138,-0.914481351828977,0.185546110768039));
#2978=CARTESIAN_POINT('Ctrl Pts',(1.28374722381837,-0.899210839934404,0.179210947305717));
#2979=CARTESIAN_POINT('Ctrl Pts',(1.30019047019118,-0.877480321343773,0.166843608934256));
#2980=CARTESIAN_POINT('Ctrl Pts',(1.30546940095786,-0.870567463646711,0.162265001781269));
#2981=CARTESIAN_POINT('Ctrl Pts',(1.31018437891697,-0.864187881219193,0.15748031496063));
#2982=CARTESIAN_POINT('Ctrl Pts',(1.31018437891697,-0.864187881219191,0.157480314960631));
#2983=CARTESIAN_POINT('Ctrl Pts',(1.31369848775988,-0.860150919766391,0.15308348975818));
#2984=CARTESIAN_POINT('Ctrl Pts',(1.31701665638609,-0.855596936339142,0.148521362115626));
#2985=CARTESIAN_POINT('Ctrl Pts',(1.32173150811306,-0.848090369246074,0.141806772646061));
#2986=CARTESIAN_POINT('Ctrl Pts',(1.32313870636466,-0.845703140948407,0.139771842388092));
#2987=CARTESIAN_POINT('Ctrl Pts',(1.32450749134525,-0.843268821457799,0.137795275590937));
#2988=CARTESIAN_POINT('Origin',(0.029294315128531,-0.978341225180279,0.137795275590551));
#2989=CARTESIAN_POINT('Origin',(0.538152582863,-0.982298117439665,0.));
#2990=CARTESIAN_POINT('',(0.538152582863,-0.864187881219193,0.15748031496063));
#2991=CARTESIAN_POINT('Origin',(0.538152582863,-0.719186252153571,0.290614101312824));
#2992=UNCERTAINTY_MEASURE_WITH_UNIT(LENGTH_MEASURE(0.000393700787401575),
#2997,'DISTANCE_ACCURACY_VALUE',
'Maximum model space distance between geometric entities at asserted c
onnectivities');
#2993=UNCERTAINTY_MEASURE_WITH_UNIT(LENGTH_MEASURE(0.000393700787401575),
#2997,'DISTANCE_ACCURACY_VALUE',
'Maximum model space distance between geometric entities at asserted c
onnectivities');
#2994=(
GEOMETRIC_REPRESENTATION_CONTEXT(3)
GLOBAL_UNCERTAINTY_ASSIGNED_CONTEXT((#2992))
GLOBAL_UNIT_ASSIGNED_CONTEXT((#2997,#3001,#3002))
REPRESENTATION_CONTEXT('','3D')
);
#2995=(
GEOMETRIC_REPRESENTATION_CONTEXT(3)
GLOBAL_UNCERTAINTY_ASSIGNED_CONTEXT((#2993))
GLOBAL_UNIT_ASSIGNED_CONTEXT((#2997,#3001,#3002))
REPRESENTATION_CONTEXT('','3D')
);
#2996=DIMENSIONAL_EXPONENTS(1.,0.,0.,0.,0.,0.,0.);
#2997=(
CONVERSION_BASED_UNIT('inch',#3000)
LENGTH_UNIT()
NAMED_UNIT(#2996)
);
#2998=(
LENGTH_UNIT()
NAMED_UNIT(*)
SI_UNIT(.MILLI.,.METRE.)
);
#2999=(
LENGTH_UNIT()
NAMED_UNIT(*)
SI_UNIT($,.METRE.)
);
#3000=LENGTH_MEASURE_WITH_UNIT(LENGTH_MEASURE(25.4),#2998);
#3001=(
NAMED_UNIT(*)
PLANE_ANGLE_UNIT()
SI_UNIT($,.RADIAN.)
);
#3002=(
NAMED_UNIT(*)
SI_UNIT($,.STERADIAN.)
SOLID_ANGLE_UNIT()
);
#3003=SHAPE_DEFINITION_REPRESENTATION(#3004,#3005);
#3004=PRODUCT_DEFINITION_SHAPE('',$,#3007);
#3005=SHAPE_REPRESENTATION('',(#1762),#2994);
#3006=PRODUCT_DEFINITION_CONTEXT('part definition',#3011,'design');
#3007=PRODUCT_DEFINITION('(Unsaved)','(Unsaved)',#3008,#3006);
#3008=PRODUCT_DEFINITION_FORMATION('',$,#3013);
#3009=PRODUCT_RELATED_PRODUCT_CATEGORY('(Unsaved)','(Unsaved)',(#3013));
#3010=APPLICATION_PROTOCOL_DEFINITION('international standard',
'automotive_design',2009,#3011);
#3011=APPLICATION_CONTEXT(
'Core Data for Automotive Mechanical Design Process');
#3012=PRODUCT_CONTEXT('part definition',#3011,'mechanical');
#3013=PRODUCT('(Unsaved)','(Unsaved)',$,(#3012));
#3014=PRESENTATION_STYLE_ASSIGNMENT((#3015));
#3015=SURFACE_STYLE_USAGE(.BOTH.,#3016);
#3016=SURFACE_SIDE_STYLE('',(#3017));
#3017=SURFACE_STYLE_FILL_AREA(#3018);
#3018=FILL_AREA_STYLE('Steel - Satin',(#3019));
#3019=FILL_AREA_STYLE_COLOUR('Steel - Satin',#3020);
#3020=COLOUR_RGB('Steel - Satin',0.627450980392157,0.627450980392157,0.627450980392157);
ENDSEC;
END-ISO-10303-21;
